MOL,exp e /kJ mol,mace e /eV,M062X H /Eh,wB97X-V H /Eh,CAM-B3LYP H /Eh,wB97XD-D3BJ /Eh,MN15 H /Eh,B2PLYP H /Eh,SMILES,REF
oxamic_acid,-552.3,-9759.4496193589,-358.41354523,-358.4295225,-358.41658695,-358.63823311,-358.17146241,-358.33854672,NC(=O)C(O)=O,NIST
propionic_acid,-453.67,-7305.8536829936,-268.29764764,-268.32408523,-268.29622384,-268.50411594,-268.1080009,-268.23649501,CCC(=O)O,ATcT
urethane,-446.3,-8812.8520893188,-323.64336513,-323.67310865,-323.64081142,-323.88735697,-323.41416485,-323.56547234,CCOC(N)=O,NIST
carbamic_acid,-425.3,-7743.0662940325,-284.36101076,-284.38131662,-284.36276733,-284.56037643,-284.16499062,-284.29601979,COC(N)=O,NIST
Propanediamide,-416.4,-10288.0937915481,-377.81691045,-377.84738564,-377.81230591,-378.09057148,-377.54624279,-377.72949721,NC(=O)CC(N)=O,NIST
acetic_acid,-412.04,-6236.2345916133,-229.02173522,-229.03866782,-229.02457902,-229.18329204,-228.86506939,-228.97240791,CC(O)=O,NIST
Diethanolamine,-397.1,-9913.1683626152,-364.04573833,-364.08853345,-364.03866836,-364.34678148,-363.78261901,-363.95182974,OCCNCCO,NIST
ethyl_formate,-393.7,-7305.2450703717,-268.27752068,-268.30333714,-268.27605536,-268.48239486,-268.08883909,-268.21539273,CCOC=O,ATcT
methanediol,-392.44,-5197.849921541,-190.895083,-190.90616443,-190.90284301,-191.02347294,-190.77096836,-190.85523305,OCO,NIST
formic_acid,-378.28,-5166.2296048318,-189.73130768,-189.73899612,-189.73785145,-189.8484366,-189.60771013,-189.69524868,C(=O)O,ATcT
Succinimide,-375.5,-9818.500804425,-360.56901285,-360.60145277,-360.55692196,-360.83557083,-360.30832529,-360.48295538,O=C1CCC(=O)N1,NIST
n-methylglycine,-367.2,-8812.278601786,-323.62061279,-323.65037857,-323.61644701,-323.86555601,-323.39023832,-323.54241497,CNCC(O)=O,NIST
2-Aminobenzoic_acid,-296.2,-12963.0936896137,-476.0447699,-476.08231032,-476.00937834,-476.40745451,-475.68776319,-475.92091976,NC1=C(C=CC=C1)C(O)=O,NIST
benzoic_acid,-294.13,-11455.9137244782,-420.69456732,-420.72887112,-420.6612114,-421.01858313,-420.37793579,-420.58556254,c1ccccc1C(=O)O,ATcT
4-Aminobenzoic_acid,-293.9,-12963.0184577416,-476.04162766,-476.07942958,-476.00655058,-476.40486329,-475.6845575,-475.91793447,NC1=CC=C(C=C1)C(O)=O,NIST
4-Nitrocatechol,-290.0,-15986.1199898053,-587.07869366,-587.1135659,-587.05744751,-587.47582589,-586.66599177,-586.94671891,Oc1ccc(cc1O)[N+]([O-])=O,NIST
3-Aminobenzoic_acid,-289.3,-12962.9416033915,-476.03833876,-476.0760949,-476.00280767,-476.40149909,-475.68096355,-475.91498466,NC1=CC=CC(=C1)C(O)=O,NIST
Butanamide,-279.17,-7833.6411260421,-287.66911956,-287.70768449,-287.65699628,-287.92206436,-287.45046845,-287.59305809,CCCC(O)=N,NIST
Nitroglycerin,-279.1,-26087.0955787738,-958.05595068,-958.11674324,-958.08730266,-958.63782244,-957.43369563,-957.89045697,[O-][N+](=O)OCC(CO[N+]([O-])=O)O[N+]([O-])=O,NIST
hydroquinone,-277.0,-10417.6771263499,-382.57112295,-382.59946722,-382.54308031,-382.86169686,-382.28768784,-382.47003909,c1cc(ccc1O)O,NIST
resorcinol,-275,-10417.7756334098,-382.57472143,-382.60321337,-382.54666082,-382.86532518,-382.29142452,-382.47333148,c1cc(cc(c1)O)O,NIST
1_butanol,-274.75,-6358.5913539767,-233.49914242,-233.53971412,-233.49181934,-233.72662986,-233.32211241,-233.43593297,OCCCC,NIST
catechol,-271.6,-10417.7467920123,-382.57492234,-382.60284883,-382.54642318,-382.86489431,-382.29205121,-382.47330485,Oc1c(O)cccc1,NIST
ethyl_urea,-257.5,-8271.5617273184,-303.75535807,-303.79029368,-303.7484533,-304.00440867,-303.52987531,-303.67964358,CCNC(N)=O,NIST
water,-241.808,-2080.4340047286,-76.40498327,-76.40852612,-76.41304831,-76.45507845,-76.35896006,-76.39394558,O,ATcT
methyl-urea,-235.68,-7201.8281596679,-264.47532719,-264.50090097,-264.47268301,-264.67968929,-264.28304989,-264.41132516,CNC(N)=O,NIST
urea,-234.55,-6132.4269264653,-225.20607931,-225.22306158,-225.20807072,-225.36682888,-225.04620753,-225.15578407,C(N)(N)=O,ATcT
n_n-dimethyl-urea,-221.6,-8271.2242192702,-303.74432485,-303.77853197,-303.73698303,-303.99231946,-303.51957792,-303.66656196,CNC(=O)NC,NIST
acetone,-216.87,-5257.0454110275,-193.05059729,-193.07801919,-193.04676736,-193.22158212,-192.90582397,-193.00372736,CC(=O)C,ATcT
dimethylamino_methanol,-203.3,-6795.3294150093,-249.54550692,-249.57940586,-249.53902897,-249.76566522,-249.36104352,-249.47870002,CN(C)CO,NIST
methanol,-200.85,-3149.4853279427,-115.66181341,-115.67456118,-115.66723962,-115.75542217,-115.58375737,-115.63756018,CO,ATcT
2-Pyrrolidinone,-197.4,-7801.829213541,-286.50157689,-286.53911732,-286.4877784,-286.74444445,-286.28686171,-286.42624439,O=C1CCCN1,NIST
formamide,-189.00,-4624.9159534758,-169.8442131,-169.85708654,-169.84761977,-169.96539339,-169.72534973,-169.80937614,C(=O)N,ATcT
n-heptane,-187.27,-7519.5704307146,-276.11344958,-276.18273239,-276.08807116,-276.43934546,-275.88383626,-276.02624669,CCCCCCC,ATcT
2-2-dimethylbutane,-185.70,-6450.0916342811,-236.84221279,-236.90219467,-236.81990435,-237.1237261,-236.64661545,-236.76701719,CCC(C)(C)C,ATcT
2-methyl-2-nitro-propane,-177.1,-9879.4082610805,-362.80034653,-362.84869106,-362.79482922,-363.09898611,-362.53889027,-362.71962885,CC(C)(C)[N+]([O-])=O,NIST
2methyl2nitropropane,-177.0667,-9879.4080384291,-362.80034013,-362.8487161,-362.79488631,-363.09902523,-362.53983322,-362.71938814,CC(C)(C)[N+](=O)[O-],ATcT
2-methylpentane,-174.3,-6449.9772043297,-236.83865515,-236.89908421,-236.81751435,-237.11944187,-236.64100691,-236.76428483,CC(C)CCC,NIST
t-Butyl_nitrite,-172.0,-9879.2716947677,-362.79852966,-362.84679656,-362.79327224,-363.09624756,-362.53747583,-362.71546336,CC(C)(C)ON=O,NIST
neopentane,-167.14,-5380.4868336302,-197.56654035,-197.61730961,-197.54988892,-197.80343754,-197.40319212,-197.50485371,CC(C)(C)C,ATcT
n-hexane,-167.1,-6449.9183946222,-236.83601838,-236.89629588,-236.81616611,-237.11749324,-236.63900756,-236.76264759,CCCCCC,NIST
Methacrylamide,-157.7,-7801.3983342962,-286.4862089,-286.51840806,-286.47245468,-286.72508638,-286.27039558,-286.41265825,CC(=C)C(N)=O,NIST
ethyl_nitrate,-154.808,-9786.7720794733,-359.41508588,-359.44728068,-359.42655838,-359.66249179,-359.17430635,-359.34839516,CCO[N+](=O)[O-],Byrd 2006
Isobutyl_nitrite,-151.0,-9879.0691039327,-362.79074216,-362.83884338,-362.78639694,-363.08849736,-362.52901467,-362.70832216,CC(C)CON=O,NIST
n-pentane,-146.05,-5380.2992889189,-197.55948001,-197.61100518,-197.54574148,-197.79668831,-197.39503643,-197.49926785,CCCCC,ATcT
n-Butyl_nitrite,-146.0,-9879.0119632395,-362.78751838,-362.83621775,-362.78454779,-363.0858751,-362.52571484,-362.706761,CCCCON=O,NIST
Diisopropylamine,-136.3,-7956.6342562676,-292.16904345,-292.23289006,-292.14607158,-292.48894044,-291.9324694,-292.07931984,CC(C)NC(C)C,NIST
iso-Propyl_nitrite,-133.0,-8809.4099820184,-323.51575165,-323.55409626,-323.51564895,-323.76818781,-323.28688872,-323.44610932,CC(C)ON=O,NIST
2-nitrophenol,-132.3,-13938.125898008,-511.86020337,-511.89707312,-511.83805298,-512.22253886,-511.49302688,-511.74435933,Oc1ccccc1[N+]([O-])=O,NIST
4_5-dihydro-2-methyl-oxazole,-130.5,-7801.0145991187,-286.47375347,-286.50947346,-286.45862242,-286.71316906,-286.25959313,-286.39787604,CC1=NCCO1,NIST
o-cresol,-130.5,-9439.2625635715,-346.62847678,-346.6676108,-346.59297537,-346.92874943,-346.35783643,-346.53007698,Cc1ccccc1O,NIST
p-cresol,-129.1,-9439.2482196572,-346.62669009,-346.66724283,-346.59205356,-346.92852211,-346.35549364,-346.52910288,Cc1ccc(O)cc1,NIST
n-butane,-125.55,-4310.6033804085,-158.28126214,-158.32304276,-158.27120762,-158.47342187,-158.14984753,-158.23336544,CCCC,NIST
methyl_nitrate,-122.173,-8716.9820059674,-320.1325711,-320.15537753,-320.14787695,-320.33550564,-319.92504185,-320.07855337,CO[N+](=O)[O-],ATcT
Diethylhydroxylamine,-121.77,-7863.8398490405,-288.77950016,-288.82554529,-288.77057115,-289.04661435,-288.56343972,-288.70190282,CCN(O)CC,NIST
2-methyl-2-propanamine,-120.9,-5817.5999392711,-213.62295952,-213.66857903,-213.6091105,-213.85454005,-213.45104273,-213.55969775,CC(C)(C)N,NIST
Propyl_nitrite,-119.0,-8809.2934610909,-323.51110947,-323.54942157,-323.51141001,-323.76361833,-323.28214159,-323.44142281,CCCON=O,NIST
isocyanic_acid,-118.91,-4592.5685931759,-168.66171803,-168.6668623,-168.65949129,-168.76710027,-168.54212325,-168.62832138,N=C=O,ATcT
4-nitrophenol,-114.7,-13938.0189884695,-511.85664278,-511.89292336,-511.83348094,-512.21885689,-511.48840835,-511.73971576,C1=CC(=CC=C1[N+](=O)[O-])O,ATcT
3-nitrophenol,-109.3,-13937.9405277818,-511.85385923,-511.89038776,-511.83047211,-512.21616968,-511.48561395,-511.73723277,C1=CC(=CC(=C1)O)[N+](=O)[O-],ATcT
formaldehyde,-109.223,-3117.002098052,-114.46822517,-114.47700275,-114.47122362,-114.54981349,-114.39012495,-114.44690404,C=O,ATcT
n-methy-1-butanamine,-108.3,-6886.6645240778,-252.87970978,-252.93462145,-252.86340701,-253.15556115,-252.67453364,-252.80376841,CCCCNC,NIST
Ethyl-nitrite,-108,-7739.6195284586,-284.23346695,-284.26256036,-284.23844182,-284.44146495,-284.03761684,-284.17669711,CCON=O,NIST
methylcyclopentane,-106.7,-6417.7653712023,-235.65705007,-235.71467175,-235.63302662,-235.92588658,-235.4624218,-235.58221493,C1CCC(C)C1,NIST
sec-Butylamine,-106.2,-5817.4100890495,-213.61664296,-213.66231707,-213.60380085,-213.84827648,-213.44421868,-213.55371922,CCC(C)N,NIST
propane,-105.00,-3240.9634488682,-119.00442063,-119.03709427,-118.99930299,-119.15205373,-118.90597372,-118.96994795,CCC,ATcT
cyclohexamine,-104.9,-7924.7578857874,-290.99950909,-291.06028557,-290.97187,-291.30805587,-290.76244724,-290.90875983,NC1CCCCC1,NIST
2-aminophenol,-104.4,-9876.4966307432,-362.68984281,-362.72298401,-362.65724888,-362.98409243,-362.4111001,-362.58959496,NC1=C(O)C=CC=C1,NIST
1_1-dinitroethane,-101.77,-13307.8862869439,-488.7286082,-488.76675799,-488.74146033,-489.04531544,-488.40196386,-488.64388794,CC([N+](=O)[O-])[N+](=O)[O-],NIST
benzamide,-100.9,-10914.5121420673,-400.80375332,-400.84323676,-400.76639982,-401.1322437,-400.49199111,-400.69559982,NC(=O)C1=CC=CC=C1,NIST
n-ethyl-ethanamine,-99.8,-5817.1227051911,-213.60691683,-213.65255689,-213.59570011,-213.83784549,-213.43448387,-213.54445928,CCNCC,NIST
isobutylamine,-98.62,-5817.3832381521,-213.61523898,-213.66100545,-213.60256441,-213.84689081,-213.4429315,-213.55254785,CC(C)CN,NIST
3-aminophenol,-98.6,-9876.538686066,-362.69076711,-362.72452734,-362.65863822,-362.985718,-362.41150833,-362.59048416,NC1=CC=CC(O)=C1,NIST
4-aminophenol,-90.5,-9876.4379458614,-362.68648478,-362.71989021,-362.65407786,-362.9812163,-362.40714933,-362.58652469,Oc1ccc(N)cc1,NIST
2-Methyl-1_2-propanediamine,-90.25,-7324.2660772892,-268.95348804,-269.00295628,-268.93673308,-269.22428587,-268.74087776,-268.87519878,CC(C)(N)CN,NIST
3-aminophenol,-89.4,-9876.538686066,-362.69076711,-362.72452734,-362.65863822,-362.985718,-362.41150833,-362.59048416,Oc1cccc(N)c1,NIST
2-aminophenol,-87.1,-9876.4966307432,-362.68984281,-362.72298401,-362.65724888,-362.98409243,-362.4111001,-362.58959496,Oc1ccccc1N,NIST
2-methyl-3-pyridinol,-84.5,-9876.3146887567,-362.68346227,-362.71868462,-362.65115257,-362.97928774,-362.40392144,-362.58418728,Cc1ncccc1O,NIST
ethane,-84.02,-2171.2982903976,-79.72674936,-79.75017945,-79.72586655,-79.82970391,-79.66126744,-79.70515323,CC,ATcT
acetophenone,-83.90,-10476.7483439572,-384.72419264,-384.76773511,-384.68238788,-385.05650821,-384.41969183,-384.6163408,c1ccccc1C(=O)C,ATcT
2-Propanamine,-83.7,-4747.7734096398,-174.33976461,-174.37625615,-174.33199477,-174.52680312,-174.20004824,-174.29027913,CC(N)C,NIST
nitromethane,-81.1,-6669.9948635305,-244.95438993,-244.97444816,-244.9641724,-245.11994219,-244.78977927,-244.91373476,C[N+]([O-])=O,NIST
nitrous_acid,-78.621,-5600.5006328561,-205.68439822,-205.69543237,-205.69671955,-205.80499354,-205.55369137,-205.65265206,O=NO,ATcT
methane,-74.513,-1101.7395468088,-40.45307667,-40.4670878,-40.45567961,-40.51125904,-40.42069751,-40.44407759,C,ATcT
1_2-butanediamine,-73.55,-7324.071962116,-268.94676242,-268.99599597,-268.93039555,-269.21738157,-268.73352103,-268.86809223,CCC(N)CN,NIST
p-tolualdehyde,-72.2,-10476.596057623,-384.71803925,-384.76376918,-384.67886282,-385.05287772,-384.41415125,-384.61262487,Cc1ccc(C=O)cc1,ATcT
2-Methyl-4-hydroxypyridine,-71.7,-9876.4338136632,-362.68669306,-362.72283735,-362.65527478,-362.98440993,-362.40651605,-362.58765912,CC1=NC=CC(O)=C1,NIST
m-tolualdehyde,-71.3,-10476.5738875866,-384.71801726,-384.76328755,-384.67830645,-385.05230516,-384.4135958,-384.61310844,Cc1cccc(C=O)c1,ATcT
anisole,-70.82,-9438.6711362399,-346.60898265,-346.64756504,-346.57408947,-346.90758932,-346.33879689,-346.50999988,c1ccccc1OC,ATcT
Propylamine,-69.9,-4747.6519525967,-174.33498123,-174.37173305,-174.32790055,-174.52209928,-174.19494176,-174.28598976,CCCN,NIST
o-tolualdehyde,-66.4,-10476.5342465836,-384.71637262,-384.76088695,-384.67536254,-385.04987162,-384.41311971,-384.61039012,Cc1ccccc1C=O,ATcT
methyl_nitrite,-64.98,-6669.8777011186,-244.95037785,-244.97076551,-244.96012777,-245.11458866,-244.78713875,-244.90675189,CON=O,ATcT
dinitromethane,-58.9943,-12237.9469218681,-449.43974032,-449.46925068,-449.45864064,-449.71380362,-449.14611614,-449.36994262,C([N+](=O)[O-])[N+](=O)[O-],ATcT
Dinitromethane,-58.9,-12237.947007342,-449.43878019,-449.46924416,-449.45863309,-449.71283862,-449.1460395,-449.36996031,[O-][N+](=O)C[N+]([O-])=O,NIST
ethylamine,-57.7,-3677.9876193469,-135.0575032,-135.08494227,-135.05481669,-135.19993363,-134.95050222,-135.02134494,CCN,NIST
Cyclopentanamine,-54.86,-6854.783220221,-251.70979188,-251.76317781,-251.68919336,-251.97436104,-251.50749202,-251.63419125,NC1CCCC1,NIST
1_2-propanediamine,-53.60,-6254.4650649056,-229.67115712,-229.71139818,-229.660914,-229.89737104,-229.49013305,-229.60645992,CC(N)CN,NIST
Piperidine,-47.15,-6854.7462292262,-251.70914109,-251.76033139,-251.68689853,-251.97233448,-251.50536192,-251.63087036,C1CCNCC1,NIST
1-nitro-piperidine,-44.0,-12423.0525431428,-456.20885164,-456.26801025,-456.19350797,-456.57941091,-455.87632357,-456.09832094,[O-][N+](=O)N1CCCCC1,NIST
3-pyridinol,-43.7,-8806.4524382526,-323.39783317,-323.42372687,-323.3702511,-323.64885909,-323.15051095,-323.31116023,OC1=CC=CN=C1,NIST
4-pyridinol,-40.8,-8806.557829134,-323.40167889,-323.42798143,-323.37415564,-323.65309005,-323.15423494,-323.31495026,OC1=CC=NC=C1,NIST
Methoxyacetonitrile,-35.65,-6730.5334084166,-247.16772528,-247.18824627,-247.15495256,-247.35778586,-246.98009763,-247.10578807,COCC#N,NIST
2-Nitrofuran,-29.0,-11829.7453344922,-434.44005608,-434.46785808,-434.43004043,-434.72810963,-434.14033494,-434.34786126,[O-][N+](=O)c1occc1,NIST
Acetaldoxime,-22.55,-5692.5645571437,-209.04762291,-209.07063419,-209.04611978,-209.21377688,-208.89631967,-209.00004556,CC=NO,NIST
dimethylamine,-19.0,-3677.6371162327,-135.04602714,-135.07301642,-135.04318052,-135.18777236,-134.93966604,-135.00911125,CNC,NIST
ethylenediamine,-17.0,-5184.66713702,-190.38795249,-190.41921063,-190.38320573,-190.56984425,-190.23938905,-190.33693914,NCCN,NIST
Oxazole,-15.5,-6698.8619877928,-246.00710029,-246.02371672,-245.99079158,-246.18357993,-245.82672366,-245.94264501,o1ccnc1,NIST
Pyrrolidine,-3.6,-5784.8046881423,-212.42274786,-212.46628331,-212.40618401,-212.64276601,-212.25247538,-212.35978392,C1CCNC1,NIST
1_3-dimethyl-2-nitrobenzene,8.6,-14029.1432523974,-515.18618107,-515.24350484,-515.15000043,-515.60387949,-514.79712908,-515.06020173,Cc1cccc(C)c1[N+]([O-])=O,NIST
1_3_dimethyl_2_nitrobenzene,8.7864,-14029.1431506634,-515.1862745,-515.24355146,-515.14992249,-515.60393024,-514.79717689,-515.0602175,CC1=C(C(=CC=C1)C)[N+](=O)[O-],ATcT
p-xylene,17.9,-8460.7807669742,-310.68086666,-310.73337274,-310.63954193,-310.99372984,-310.42190194,-310.58665604,CC1=CC=C(C)C=C1,NIST
o-xylene,19.0,-8460.7762820534,-310.68232395,-310.73206704,-310.63939214,-310.99242584,-310.42392422,-310.5869177,CC1=C(C)C=CC=C1,NIST
5-methyl-3-isoxazolamine,20.0,-9274.887218318,-340.60054584,-340.63501356,-340.58266926,-340.86625822,-340.348043,-340.5133417,CC1=CC(N)=NO1,NIST
formaldoxime,20.0,-4622.6999940332,-169.76254766,-169.77562296,-169.76504424,-169.88334152,-169.64402835,-169.72676828,C=NO,ATcT
propene,20.06,-3208.1250318758,-117.80030633,-117.82481058,-117.79170095,-117.93159025,-117.70260646,-117.76623001,CC=C,ATcT
4-Quinolinol,20.8,-12989.0027755462,-476.98691357,-477.02896558,-476.93003221,-477.37172484,-476.61191373,-476.85329704,OC1=CC=NC2=C1C=CC=C2,NIST
ethanimine,24.0,-3645.4970765164,-133.86444354,-133.88556318,-133.85857491,-133.99256389,-133.7572672,-133.82970907,N=CC,NIST
2_4_6-tnt,24.1,-24095.890544881,-884.89975224,-884.96402784,-884.88384459,-885.48817412,-884.28462718,-884.72625659,CC1=C(C=C(C=C1N(=O)=O)N(=O)=O)N(=O)=O,NIST
ethylbenzene,29.8,-8460.6585376967,-310.677232,-310.72751247,-310.63527662,-310.9876615,-310.41781315,-310.58236749,c1ccccc1CC,ATcT
nitromethylbenzene,30.7,-12959.3775668611,-475.90566518,-475.95364244,-475.87529194,-476.27758044,-475.54816593,-475.79217939,[O-][N+](=O)Cc1ccccc1,NIST
4-nitrotoluene,30.9,-12959.5273188443,-475.90952171,-475.95790411,-475.87966697,-476.28297857,-475.55359297,-475.79603075,CC1=CC=C(C=C1)[N+]([O-])=O,NIST
5-ethyl-2-methyl-pyridine,34.9,-9967.5369930139,-366.01473266,-366.07186783,-365.97259382,-366.3671856,-365.71482661,-365.90832582,CCc1ccc(C)nc1,NIST
cyclopentene,35.66,-5315.3216450689,-195.17651918,-195.21660503,-195.15453562,-195.38539899,-195.01562708,-195.11572264,C1CC=CC1,NIST
4_5-Dihydro-3-nitro-isoxazole,39.0,-12297.9610687371,-451.63116656,-451.66814452,-451.63036605,-451.9370647,-451.32080654,-451.5399998,[O-][N+](=O)C1=NOCC1,NIST
Cyclobutylamine,41.0,-5784.4222679317,-212.40609288,-212.44831559,-212.38913698,-212.62488828,-212.23694708,-212.34200051,NC1CCC1,NIST
p-Aminotoluene,41.8,-8898.01122642,-326.74221666,-326.78777793,-326.70332207,-327.04817364,-326.4762229,-326.64565988,Cc1ccc(N)cc1,NIST
n-methylmethanimine,44.0,-3645.1023785251,-133.85144194,-133.8718309,-133.84536716,-133.97840086,-133.74477837,-133.81630494,CN=C,NIST
Propanenitrile,51.46,-4683.2329445175,-171.9733977,-171.99544085,-171.95747748,-172.12955067,-171.82994458,-171.9269809,CCC#N,NIST
ethene,52.39,-2138.334201424,-78.51759731,-78.53312435,-78.51286463,-78.60428903,-78.45277155,-78.49628593,C=C,ATcT
o-Aminotoluene,53.2,-8898.034586356,-326.74456408,-326.7884904,-326.70449123,-327.04887078,-326.47751655,-326.64707966,Cc1ccccc1N,NIST
cyclopropane,53.93,-3207.8350517757,-117.79297913,-117.81720044,-117.77902823,-117.9229711,-117.69499459,-117.75220385,C1CC1,NIST
trinitrobenzene,54.8,-23026.335147755,-845.62674608,-845.68003398,-845.61627795,-846.17066424,-845.04471946,-845.46545224,C1=C(C=C(C=C1[N+](=O)[O-])[N+](=O)[O-])[N+](=O)[O-],NIST
p-nitroaniline,55.2287,-13396.831256751,-491.97485574,-492.01611619,-491.94775504,-492.34110793,-491.6111849,-491.85914363,C1=CC(=CC=C1N)[N+](=O)[O-],ATcT
n-ethyl-benzenamine,56.1,-9967.3300917932,-366.00937336,-366.06259339,-365.96531387,-366.35781363,-365.7101784,-365.89859843,CCNc1ccccc1,NIST
1_4-dinitro-piperazine,58.0,-18427.9777300481,-676.74807822,-676.80946447,-676.74286286,-677.2201066,-676.27822222,-676.60439395,[O-][N+](=O)N1CCN(CC1)[N+]([O-])=O,NIST
m-Aminotoluene,61.1,-8898.03417952,-326.74361478,-326.7890894,-326.70559951,-327.04941185,-326.47636843,-326.64681183,Cc1cccc(N)c1,NIST
m-nitroaniline,62.3415,-13396.77328414,-491.97140888,-492.01305409,-491.94401315,-492.33795796,-491.60733299,-491.85609597,C1=CC(=CC(=C1)[N+](=O)[O-])N,ATcT
nitrobenzene,62.5,-11889.7182307368,-436.6269338,-436.66487204,-436.60138755,-436.9542618,-436.3035916,-436.52601846,C1=CC=C(C=C1)[N+](=O)[O-],ATcT
Diethylcyanamide,63.5,-8328.8377481699,-305.84757847,-305.89135555,-305.82034297,-306.13154077,-305.59916669,-305.76076935,CCN(CC)C#N,NIST
2_5-dimethylpyridine,66.4,-8897.8866060941,-326.73735924,-326.78517956,-326.69928753,-327.04591296,-326.47010669,-326.64204901,Cc1ccc(C)nc1,NIST
n_n-dimethyl-4-benzamine,67.3,-15535.5658996221,-570.51168019,-570.57126041,-570.47355872,-570.96652441,-570.08445885,-570.36905401,CN(C)c1ccc(cc1)[N+]([O-])=O,NIST
2-ethyl-1H-imidazole,68.3,-8297.53273453,-304.69829426,-304.73831671,-304.66912318,-304.96862459,-304.45605378,-304.61071147,CCc1[nH]ccn1,NIST
2_3-dimethylpyridine,68.3,-8897.8772027285,-326.7382312,-326.7845038,-326.6988662,-327.04426367,-326.47113302,-326.64175377,Cc1cccnc1C,NIST
3_4-dimethylpyridine,70.0,-8897.8262809748,-326.73694181,-326.78306749,-326.69726975,-327.04309762,-326.47009579,-326.64150225,Cc1ccncc1C,NIST
3_5-dimethylpyridine,72.8,-8897.810591394,-326.73498696,-326.78235113,-326.69732032,-327.04135574,-326.46717593,-326.63958368,Cc1cncc(C)c1,NIST
trimethylpyrazine,74.3,-10404.7849201227,-382.07638781,-382.12852193,-382.03623437,-382.42328818,-381.76752008,-381.96681704,Cc1cnc(C)c(C)n1,NIST
nitrosamide,77.00,-5059.7291458623,-185.81242832,-185.8266971,-185.82072821,-185.93490567,-185.6865492,-185.77956916,NN=O,ATcT
Isoxazole,78.58,-6697.8288904619,-245.96711895,-245.98739542,-245.95358511,-246.14767258,-245.7877966,-245.90703096,o1cccn1,NIST
benzene,82.9,-6321.2302178236,-232.11880659,-232.14986578,-232.08588509,-232.33869278,-231.92513492,-232.04916389,c1ccccc1,ATcT
n-methylaniline,83.9,-8897.6048182883,-326.73008391,-326.7736624,-326.6907113,-327.03357412,-326.4638039,-326.63221879,CNc1ccccc1,NIST
aniline,86.82,-7828.254603518,-287.46209469,-287.49698683,-287.42751725,-287.72164361,-287.2276957,-287.37775015,c1ccccc1N,ATcT
Aniline,87.03,-7828.2546371147,-287.46213499,-287.49697596,-287.42752981,-287.7216359,-287.22771593,-287.37777289,Nc1ccccc1,NIST
Benzylamine,87.8,-8897.6531517919,-326.72931726,-326.77435726,-326.68988225,-327.03473135,-326.46246688,-326.63289444,NCc1ccccc1,NIST
dioxodiazoxane,88.2,-9120.9924423645,-334.96068876,-334.97965946,-334.9775808,-335.15211787,-334.74353939,-334.9130482,O=N-O-N=O,ATcT
3-Aminopropionitrile,89.75,-6189.9165408439,-227.30513926,-227.3311765,-227.2869884,-227.50097921,-227.12063903,-227.24397143,NCCC#N,NIST
2-methyl-1H-imidazole,89.8,-7227.8925996671,-265.42266283,-265.4521096,-265.3967997,-265.6470842,-265.21147209,-265.34550027,Cc1[nH]ccn1,NIST
hydrazine,97.64,-3044.6202148119,-111.80553951,-111.82027114,-111.81019852,-111.90019446,-111.72399906,-111.78088542,NN,ATcT
2-methylpyridine,98.95,-7828.0994279054,-287.45586112,-287.49404595,-287.42193184,-287.71812448,-287.22062502,-287.37253839,Cc1ccccn1,NIST
cyanoketene,100.0,-6666.0636367677,-244.80334082,-244.81112397,-244.78430419,-244.96575751,-244.61674795,-244.74627155,O=C=CC#N,NIST
n_n-dimethylbenzeneamine,100.5,-9966.9544714073,-365.99797191,-366.04991107,-365.95234064,-366.34499365,-365.70025678,-365.88625007,CN(C)c1ccccc1,NIST
1-methyl-1H-pyrrole,103.1,-6790.1298922034,-249.3428278,-249.37721421,-249.31463362,-249.5725051,-249.14239414,-249.26793853,Cn1cccc1,NIST
3-methylpyridine,106.1,-7828.0198688509,-287.45357839,-287.49071844,-287.41944146,-287.71494876,-287.21721649,-287.37041725,Cc1cccnc1,NIST
nitrosyl_hydride,106.99,-3552.3405874237,-130.4555773,-130.46405798,-130.46152444,-130.53724764,-130.37005801,-130.43407449,N=O,ATcT
dimethyl-furazan,107.0,-9274.0077970016,-340.56508262,-340.60441885,-340.54846836,-340.83568419,-340.31147346,-340.48303809,Cc1nonc1C,NIST
Pyrrole,108.3,-5720.6563862663,-210.07109591,-210.09540711,-210.04726332,-210.25542307,-209.90313785,-210.00866822,[nH]1cccc1,NIST
2-Aminopyridine,118.1,-8265.5358340515,-303.52457131,-303.55631571,-303.49359127,-303.78041223,-303.28180513,-303.4391757,NC1=CC=CC=N1,NIST
2_3-dimethylpyrazine,126.0,-9334.9044500415,-342.79102676,-342.83357027,-342.75498153,-343.09282308,-342.51488174,-342.69364336,Cc1nccnc1C,NIST
1H-imidazole,128.0,-6157.9953533175,-226.13600705,-226.15657659,-226.11472173,-226.31608888,-225.95857682,-226.07215148,N1C=CN=C1,NIST
imidazole,131.5,-6157.9953679558,-226.13589185,-226.15659352,-226.11470631,-226.31609045,-225.95860052,-226.07216877,c1cnc[nH]1,https://doi.org/10.1016/j.tca.2020.178756
Ethyl_isocyanide,132.6,-4682.3203919527,-171.94133295,-171.96243752,-171.92432454,-172.0963009,-171.79990925,-171.89098167,CC[N+]#[C-],NIST
cyclopentadiene,134.76,-5282.7121695222,-193.98265238,-194.01397458,-193.95716668,-194.17461097,-193.82321995,-193.9230055,C1C=CC=C1,NIST
3-Aminopyridine,144.2,-8265.240283549,-303.51409214,-303.54508811,-303.48245659,-303.76932516,-303.27100841,-303.42868392,Nc1cccnc1,NIST
2_6-Dimethylbenzonitrile,146.2,-10972.8561843984,-402.93422746,-402.98293018,-402.87627649,-403.29837723,-402.5988895,-402.81608751,Cc1cccc(C)c1C#N,NIST
napthalene,147.68,-10503.6620274956,-385.70321359,-385.75012207,-385.64115221,-386.05704504,-385.38131768,-385.58665324,c1ccc2ccccc2c1,ATcT
phenylethene,148.56,-8427.8691364234,-309.47634912,-309.51770818,-309.43127169,-309.76986736,-309.21745023,-309.38192901,c1ccccc1C=C,ATcT
3-Butenenitrile,157.7,-5719.9718235734,-210.043304,-210.06665135,-210.01982639,-210.22815724,-209.8679129,-209.98494073,C=CCC#N,NIST
methyl_isocyanide,163.5,-3612.5635775065,-132.66143177,-132.67293668,-132.64819643,-132.77130133,-132.5532674,-132.62341104,C[N+]#[C-],NIST
fulminic_acid,169.29,-4589.555516292,-168.54936798,-168.55431805,-168.54791437,-168.65413868,-168.43171209,-168.5220783,[O-][N+]#C,ATcT
dioxohydrazine,171.18,-7073.653816587,-259.7556311,-259.76882417,-259.76468612,-259.90567511,-259.58220004,-259.71745066,O=NN=O,ATcT
biphenyl,178.8,-12610.730283741,-463.07651562,-463.1332822,-463.00057832,-463.50330927,-462.68859374,-462.93343115,c1ccccc1c2ccccc2,ATcT
2-Propenenitrile,179.7,-4650.2869430426,-170.76569824,-170.77962328,-170.74663171,-170.90549531,-170.62392002,-170.72110064,C=CC#N,NIST
1H-pyrazole,181.0,-6157.4819291523,-226.11713532,-226.13995172,-226.09731804,-226.29975844,-225.94044616,-226.05524546,N1C=CC=N1,NIST
Cyclopropanecarbonitrile,182.7,-5719.8235569289,-210.04192292,-210.06492257,-210.01325745,-210.22530963,-209.8664426,-209.97744692,N#CC1CC1,NIST
propyne,185.56,-3174.8483149661,-116.58222192,-116.59662987,-116.56728542,-116.69458402,-116.48384689,-116.54765415,CC#C,ATcT
8-Quinolinamine,187.6,-12447.8799465823,-457.10630869,-457.1530306,-457.04549003,-457.49474362,-456.73563772,-456.97410769,Nc1cccc2cccnc12,NIST
RDX,192.0,-24432.6189877933,-897.26680429,-897.33331499,-897.27825028,-897.84313598,-896.66952825,-897.09174224,[O-][N+](=O)N1CN(CN(C1)[N+]([O-])=O)[N+]([O-])=O,NIST
1_2_4-triazole,192.7,-6594.903055646,-242.18514865,-242.20432504,-242.16752089,-242.3634703,-241.99885043,-242.1213219,N1C=NC=N1,NIST
1_4-dinitroso-piperazine,194.0,-14333.6440168668,-526.38078439,-526.43474673,-526.3659574,-526.77419284,-525.99835799,-526.25750184,O=NN1CCN(CC1)N=O,NIST
1_3-diazine,195.8,-7195.3301620343,-264.22685595,-264.25111635,-264.19969855,-264.43924651,-264.01540965,-264.15409572,c1cncnc1,NIST
Pyrazine,196.1,-7195.1349532155,-264.21977733,-264.24363014,-264.19280705,-264.43181645,-264.00849991,-264.14761411,c1cnccn1,NIST
nitrosobenzene,200.0,-9841.8980864731,-361.41750378,-361.45170673,-361.38532783,-361.70462664,-361.13926384,-361.32447103,C1=CC=C(C=C1)N=O,ATcT
Quinoline,200.52,-10940.713121295,-401.75725689,-401.80086885,-401.69869419,-402.10709788,-401.42670619,-401.63970197,c1ccc2ncccc2c1,NIST
phenyl_hydrazine,202.9,-9333.9932406443,-342.75852222,-342.79893324,-342.72280434,-343.05878393,-342.48456625,-342.65948395,NNc1ccccc1,NIST
Isoquinoline,204.61,-10940.6676948678,-401.75572495,-401.79917944,-401.69688593,-402.10565044,-401.42519133,-401.63779456,c1ccc2cnccc2c1,NIST
6-Quinolinamine,206.1,-12447.7561220966,-457.10141788,-457.14859933,-457.04102235,-457.49050255,-456.73041093,-456.96953194,Nc1ccc2ncccc2c1,NIST
3-Quinolinamine,208.4,-12447.7360381939,-457.10024158,-457.14742766,-457.03994585,-457.48946618,-456.72898367,-456.96856742,Nc1cnc2ccccc2c1,NIST
Butanedinitrile,209.7,-7194.9949284854,-264.2124132,-264.233234,-264.18117656,-264.42205483,-263.9912665,-264.14183116,N#CCCC#N,NIST
5-Quinolinamine,210.6,-12447.7163424792,-457.09975741,-457.14672833,-457.03865704,-457.48876654,-456.72891932,-456.96732064,Nc1cccc2ncccc12,NIST
Benzonitrile,219.0,-8833.2112492885,-324.36660214,-324.39680087,-324.31948407,-324.64070318,-324.0963897,-324.27429613,N#Cc1ccccc1,NIST
1_3_5-triazine,225.87,-7632.5064883768,-280.28642549,-280.30726068,-280.261457,-280.49490734,-280.06553672,-280.21133762,C1=NC=NC=N1,NIST
ethyne,228.32,-2104.9610886783,-77.29554965,-77.2998903,-77.28270204,-77.36340974,-77.23017049,-77.27354609,C#C,ATcT
1_2_3-triazole,240,-6594.1580071472,-242.15678368,-242.17751869,-242.14014183,-242.33711898,-241.97090593,-242.09547331,c1cnn[nH]1,NIST
Quinoxaline,240.3,-11377.6720560213,-417.8079155,-417.84773938,-417.75248204,-418.15342494,-417.46901235,-417.6892292,c1ccc2nccnc2c1,NIST
Quinazoline,243.1,-11377.8187924072,-417.81400831,-417.85389267,-417.75800039,-418.15972901,-417.47408292,-417.6944052,c1ccc2ncncc2c1,NIST
1-butynylbenzene,248.6,-10534.0832261099,-386.82041007,-386.86962569,-386.76157833,-387.18370014,-386.49426243,-386.70165898,CCC#CC1=CC=CC=C1,NIST
1_5-dimethyl-2H-tetrazole,251.2,-9170.6790450208,-336.77143215,-336.81054897,-336.75068258,-337.03999372,-336.51069179,-336.68557479,CN1N=NC(C)=N1,NIST
Propanedinitrile,266.3,-6125.0803484401,-224.92585195,-224.93753245,-224.89943807,-225.09076825,-224.7388083,-224.86833813,N#CCC#N,NIST
1_5-dimethyl-1H-tetrazole,273.2,-9170.5693609602,-336.76725414,-336.80485417,-336.74518565,-337.03570659,-336.50617032,-336.68002454,CN1N=NN=C1C,NIST
3-Pyridinecarbonitrile,277.9,-9270.1449474823,-340.41667731,-340.44320352,-340.37239723,-340.68678387,-340.13747044,-340.32312578,N#Cc1cccnc1,NIST
Pyridazine,278.4,-7194.3353193677,-264.18960368,-264.21545147,-264.16351727,-264.40370985,-263.97886927,-264.11904173,c1ccnnc1,NIST
2-Pyridinecarbonitrile,280.7,-9270.0932339109,-340.41476445,-340.4415871,-340.37081442,-340.6849616,-340.13598831,-340.32151739,N#Cc1ccccn1,NIST
5-methyl-1H-Tetrazole,280.7,-8100.9851893299,-297.4923321,-297.5224009,-297.4755839,-297.71603928,-297.26444699,-297.41868079,CC1=NNN=N1,NIST
4-Pyridinecarbonitrile,283.5,-9270.1286548575,-340.41526016,-340.44176144,-340.37106677,-340.68540597,-340.13625149,-340.32203198,N#Cc1ccncc1,NIST
cyclopropene,283.85,-3173.9933272283,-116.54978454,-116.56491511,-116.53050482,-116.66248838,-116.45212116,-116.50871169,C1C=C1,NIST
5-Amino-2-methyl-2H-tetrazole,298.8,-9606.4579912963,-352.77576623,-352.80854398,-352.75807774,-353.03869918,-352.5081761,-352.68805214,CN1NC(=N)N=N1,NIST
ethanedinitrile,305.0,-5055.1472927484,-185.63458348,-185.63664237,-185.61286895,-185.75429413,-185.48310777,-185.5933271,N#CC#N,NIST
phenylacetylene,317.64,-8394.5541707678,-308.25516115,-308.28691628,-308.20497917,-308.53008316,-307.99672954,-308.16239399,c1ccccc1C#C,ATcT
tetrazole,320,-7031.0204416294,-258.20230154,-258.2212512,-258.18854479,-258.38060426,-258.00690464,-258.14038436,[nH]1nnnc1,NIST
1-methyl-1H-Tetrazole,322.9,-8100.6253474028,-297.47970469,-297.50767358,-297.46188076,-297.70211956,-297.2502875,-297.40541565,CN1C=NN=N1,NIST
5-aminotetrazole,323.80,-8538.1358098833,-313.54938362,-313.57298028,-313.53515164,-313.76792649,-313.31389659,-313.47284428,c1([nH]nnn1)N,NIST
Phthalazine,329.9,-11376.8702811619,-417.7772336,-417.81857191,-417.72213186,-418.12489117,-417.43796876,-417.65920275,c1ccc2cnncc2c1,NIST
Fumaronitrile,340.0,-7162.126701962,-263.00744456,-263.0196815,-262.97433683,-263.20041795,-262.78923952,-262.94064015,N#C\C=C\C#N,NIST
Propiolonitrile,354,-4616.7871948266,-169.53883576,-169.54213674,-169.51407366,-169.65923193,-169.39840273,-169.49664723,C#CC#N,NIST
ttt,394.5508,-18291.1961945094,-671.72344486,-671.77790655,-671.71193536,-672.17946285,-671.25090828,-671.57624452,C1N(CN(CN1N=O)N=O)N=O,ATcT
Hexahydro-1-3-5-trinitroso-1-3-5-triazine,395.0,-18291.2962931151,-671.72500415,-671.77999769,-671.71477656,-672.18149597,-671.2508546,-671.57908959,O=NN1CN(CN(C1)N=O)N=O,NIST
2-Butynedinitrile,533.46,-7128.5611843795,-261.77718324,-261.77836627,-261.73978956,-261.95024794,-261.56260401,-261.71631074,N#CC#CC#N,NIST
Tetracyanoethylene,705.0,-12185.1397088485,-447.46372051,-447.47395485,-447.40140749,-447.76503303,-447.09468342,-447.35510372,N#CC(C#N)=C(C#N)C#N,NIST
