MOL,exp e /kJ mol,mace e /eV,SMILES,REF,,,,,,,,,,,,,,,,,,,,,,,,,,,,,,,,,,,,,,,,,,,,,
benzophenone,51.5,-15696.3907241217,c1ccccc1C(=O)c2ccccc2,ATcT,,,,,,,,,,,,,,,,,,,,,,,,,,,,,,,,,,,,,,,,,,,,,
1_3_dimethyl_2_nitrobenzene,8.7864,-14029.1432631324,CC1=C(C(=CC=C1)C)[N+](=O)[O-],ATcT,,,,,,,,,,,,,,,,,,,,,,,,,,,,,,,,,,,,,,,,,,,,,
4-nitrophenol,-114.7,-13938.0189265121,C1=CC(=CC=C1[N+](=O)[O-])O,ATcT,,,,,,,,,,,,,,,,,,,,,,,,,,,,,,,,,,,,,,,,,,,,,
3-nitrophenol,-109.3,-13937.9585191532,C1=CC(=CC(=C1)O)[N+](=O)[O-],ATcT,,,,,,,,,,,,,,,,,,,,,,,,,,,,,,,,,,,,,,,,,,,,,
m-nitroaniline,62.3415,-13396.7732625157,C1=CC(=CC(=C1)[N+](=O)[O-])N,ATcT,,,,,,,,,,,,,,,,,,,,,,,,,,,,,,,,,,,,,,,,,,,,,
biphenyl,178.8,-12610.7302548888,c1ccccc1c2ccccc2,ATcT,,,,,,,,,,,,,,,,,,,,,,,,,,,,,,,,,,,,,,,,,,,,,
dinitromethane,-58.9943,-12237.9469413163,C([N+](=O)[O-])[N+](=O)[O-],ATcT,,,,,,,,,,,,,,,,,,,,,,,,,,,,,,,,,,,,,,,,,,,,,
nitrobenzene,62.5,-11889.7182480127,C1=CC=C(C=C1)[N+](=O)[O-],ATcT,,,,,,,,,,,,,,,,,,,,,,,,,,,,,,,,,,,,,,,,,,,,,
benzoic_acid,-294.13,-11455.9137855129,c1ccccc1C(=O)O,ATcT,,,,,,,,,,,,,,,,,,,,,,,,,,,,,,,,,,,,,,,,,,,,,
napthalene,147.68,-10503.6621777458,c1ccc2ccccc2c1,ATcT,,,,,,,,,,,,,,,,,,,,,,,,,,,,,,,,,,,,,,,,,,,,,
acetophenone,-83.90,-10476.7483698978,c1ccccc1C(=O)C,ATcT,,,,,,,,,,,,,,,,,,,,,,,,,,,,,,,,,,,,,,,,,,,,,
m-tolualdehyde,-71.3,-10476.5741690588,Cc1cccc(C=O)c1,ATcT,,,,,,,,,,,,,,,,,,,,,,,,,,,,,,,,,,,,,,,,,,,,,
2methyl2nitropropane,-177.0667,-9879.4079838931,CC(C)(C)[N+](=O)[O-],ATcT,,,,,,,,,,,,,,,,,,,,,,,,,,,,,,,,,,,,,,,,,,,,,
nitrosobenzene,200.0,-9841.8980721134,C1=CC=C(C=C1)N=O,ATcT,,,,,,,,,,,,,,,,,,,,,,,,,,,,,,,,,,,,,,,,,,,,,
anisole,-70.82,-9438.6710728995,c1ccccc1OC,ATcT,,,,,,,,,,,,,,,,,,,,,,,,,,,,,,,,,,,,,,,,,,,,,
benzaldehyde,-36.96,-9406.7889505160,c1c(C=O)cccc1,ATcT,,,,,,,,,,,,,,,,,,,,,,,,,,,,,,,,,,,,,,,,,,,,,
dioxodiazoxane,88.2,-9120.5982734988,O=N-O-N=O,ATcT,,,,,,,,,,,,,,,,,,,,,,,,,,,,,,,,,,,,,,,,,,,,,
methyl_nitrate,-122.173,-8716.9820341871,CO[N+](=O)[O-],ATcT,,,,,,,,,,,,,,,,,,,,,,,,,,,,,,,,,,,,,,,,,,,,,
n-octane,-207.89,-8589.2739182141,CCCCCCCC,ATcT,,,,,,,,,,,,,,,,,,,,,,,,,,,,,,,,,,,,,,,,,,,,,
ethylbenzene,29.8,-8460.6585506016,c1ccccc1CC,ATcT,,,,,,,,,,,,,,,,,,,,,,,,,,,,,,,,,,,,,,,,,,,,,
aniline,86.82,-7828.2546013678,c1ccccc1N,ATcT,,,,,,,,,,,,,,,,,,,,,,,,,,,,,,,,,,,,,,,,,,,,,
n-heptane,-187.27,-7519.5111382390,CCCCCCC,ATcT,,,,,,,,,,,,,,,,,,,,,,,,,,,,,,,,,,,,,,,,,,,,,
ethyl_formate,-393.7,-7305.2450305861,CCOC=O,ATcT,,,,,,,,,,,,,,,,,,,,,,,,,,,,,,,,,,,,,,,,,,,,,
dioxohydrazine,171.18,-7073.6538221562,O=NN=O,ATcT,,,,,,,,,,,,,,,,,,,,,,,,,,,,,,,,,,,,,,,,,,,,,
methyl_nitrite,-64.98,-6669.8776636184,CON=O,ATcT,,,,,,,,,,,,,,,,,,,,,,,,,,,,,,,,,,,,,,,,,,,,,
2-2-dimethylbutane,-185.70,-6450.0913121181,CCC(C)(C)C,ATcT,,,,,,,,,,,,,,,,,,,,,,,,,,,,,,,,,,,,,,,,,,,,,
benzene,82.9,-6321.2302132072,c1ccccc1,ATcT,,,,,,,,,,,,,,,,,,,,,,,,,,,,,,,,,,,,,,,,,,,,,
methyl_formate,-359.87,-6235.4602904803,COC=O,ATcT,,,,,,,,,,,,,,,,,,,,,,,,,,,,,,,,,,,,,,,,,,,,,
nitrous_acid,-78.621,-5600.5006316763,O=NO,ATcT,,,,,,,,,,,,,,,,,,,,,,,,,,,,,,,,,,,,,,,,,,,,,
neopentane,-167.14,-5380.4866102156,CC(C)(C)C,ATcT,,,,,,,,,,,,,,,,,,,,,,,,,,,,,,,,,,,,,,,,,,,,,
isopentane,-152.96,-5380.3420801206,CC(C)CC,ATcT,,,,,,,,,,,,,,,,,,,,,,,,,,,,,,,,,,,,,,,,,,,,,
n-pentane,-146.05,-5380.2717597371,CCCCC,ATcT,,,,,,,,,,,,,,,,,,,,,,,,,,,,,,,,,,,,,,,,,,,,,
acetone,-216.87,-5257.0454901542,CC(=O)C,ATcT,,,,,,,,,,,,,,,,,,,,,,,,,,,,,,,,,,,,,,,,,,,,,
formic_acid,-378.28,-5166.2296315246,C(=O)O,ATcT,,,,,,,,,,,,,,,,,,,,,,,,,,,,,,,,,,,,,,,,,,,,,
nitrosamide,77.00,-5059.7292000715,NN=O,ATcT,,,,,,,,,,,,,,,,,,,,,,,,,,,,,,,,,,,,,,,,,,,,,
formamide,-189.00,-4624.9159776176,C(=O)N,ATcT,,,,,,,,,,,,,,,,,,,,,,,,,,,,,,,,,,,,,,,,,,,,,
formaldoxime,20.0,-4622.7000400031,C=NO,ATcT,,,,,,,,,,,,,,,,,,,,,,,,,,,,,,,,,,,,,,,,,,,,,
isocyanic_acid,-118.91,-4592.5685735244,N=C=O,ATcT,,,,,,,,,,,,,,,,,,,,,,,,,,,,,,,,,,,,,,,,,,,,,
fulminic_acid,169.29,-4589.5555291533,[O-][N+]#C,ATcT,,,,,,,,,,,,,,,,,,,,,,,,,,,,,,,,,,,,,,,,,,,,,
nitrosyl_hydride,106.99,-3552.3405951813,N=O,ATcT,,,,,,,,,,,,,,,,,,,,,,,,,,,,,,,,,,,,,,,,,,,,,
methanol,-200.85,-3149.4853189898,CO,ATcT,,,,,,,,,,,,,,,,,,,,,,,,,,,,,,,,,,,,,,,,,,,,,
formaldehyde,-109.223,-3117.0020911065,C=O,ATcT,,,,,,,,,,,,,,,,,,,,,,,,,,,,,,,,,,,,,,,,,,,,,
hydrazine,97.64,-3044.6201888299,NN,ATcT,,,,,,,,,,,,,,,,,,,,,,,,,,,,,,,,,,,,,,,,,,,,,
ethane,-84.02,-2171.2983307439,CC,ATcT,,,,,,,,,,,,,,,,,,,,,,,,,,,,,,,,,,,,,,,,,,,,,
ethene,52.39,-2138.3341794111,C=C,ATcT,,,,,,,,,,,,,,,,,,,,,,,,,,,,,,,,,,,,,,,,,,,,,
ethyne,228.32,-2104.9611259479,C#C,ATcT,,,,,,,,,,,,,,,,,,,,,,,,,,,,,,,,,,,,,,,,,,,,,
methane,-74.513,-1101.7394087555,C,ATcT,,,,,,,,,,,,,,,,,,,,,,,,,,,,,,,,,,,,,,,,,,,,,
rdx,191.627,-24432.7035523421,C1N(CN(CN1[N+](=O)[O-])[N+](=O)[O-])[N+](=O)[O-],ATcT,,,,,,,,,,,,,,,,,,,,,,,,,,,,,,,,,,,,,,,,,,,,,
tnt,24.058,-24095.9166116413,CC1=C(C=C(C=C1[N+](=O)[O-])[N+](=O)[O-])[N+](=O)[O-],ATcT,,,,,,,,,,,,,,,,,,,,,,,,,,,,,,,,,,,,,,,,,,,,,
ttt,394.5508,-18291.2222464230,C1N(CN(CN1N=O)N=O)N=O,ATcT,,,,,,,,,,,,,,,,,,,,,,,,,,,,,,,,,,,,,,,,,,,,,
p-nitroaniline,55.2287,-13396.8312736857,C1=CC(=CC=C1N)[N+](=O)[O-],ATcT,,,,,,,,,,,,,,,,,,,,,,,,,,,,,,,,,,,,,,,,,,,,,
p-tolualdehyde,-72.2,-10476.5958152559,Cc1ccc(C=O)cc1,ATcT,,,,,,,,,,,,,,,,,,,,,,,,,,,,,,,,,,,,,,,,,,,,,
o-tolualdehyde,-66.4,-10476.5443302339,Cc1ccccc1C=O,ATcT,,,,,,,,,,,,,,,,,,,,,,,,,,,,,,,,,,,,,,,,,,,,,
peroxy_nitrous_acid,-11.54,-9693.2602346282,O=N(=O)OO,ATcT,,,,,,,,,,,,,,,,,,,,,,,,,,,,,,,,,,,,,,,,,,,,,
phenylethene,148.56,-8427.8691265510,c1ccccc1C=C,ATcT,,,,,,,,,,,,,,,,,,,,,,,,,,,,,,,,,,,,,,,,,,,,,
phenylacetylene,317.64,-8394.5540778151,c1ccccc1C#C,ATcT,,,,,,,,,,,,,,,,,,,,,,,,,,,,,,,,,,,,,,,,,,,,,
phenol,-92.94,-8369.4922774055,c1ccccc1O,ATcT,,,,,,,,,,,,,,,,,,,,,,,,,,,,,,,,,,,,,,,,,,,,,
propionic_acid,-453.67,-7305.8969790872,CCC(=O)O,ATcT,,,,,,,,,,,,,,,,,,,,,,,,,,,,,,,,,,,,,,,,,,,,,
urea,-234.55,-6132.4269681883,C(N)(N)=O,ATcT,,,,,,,,,,,,,,,,,,,,,,,,,,,,,,,,,,,,,,,,,,,,,
propane,-105.00,-3240.9632544271,CCC,ATcT,,,,,,,,,,,,,,,,,,,,,,,,,,,,,,,,,,,,,,,,,,,,,
propene,20.06,-3208.1252761837,CC=C,ATcT,,,,,,,,,,,,,,,,,,,,,,,,,,,,,,,,,,,,,,,,,,,,,
propyne,185.56,-3174.8482844403,CC#C,ATcT,,,,,,,,,,,,,,,,,,,,,,,,,,,,,,,,,,,,,,,,,,,,,
water,-241.808,-2080.4340079183,O,ATcT,,,,,,,,,,,,,,,,,,,,,,,,,,,,,,,,,,,,,,,,,,,,,
ethyl_nitrate,-154.808,-9786.7720476496,CCO[N+](=O)[O-],Byrd 2006,,,,,,,,,,,,,,,,,,,,,,,,,,,,,,,,,,,,,,,,,,,,,
nitroglycerine,-279.1,-26087.1562370188,C(C(CO[N+](=O)[O-])O[N+](=O)[O-])O[N+](=O)[O-],NIST,,,,,,,,,,,,,,,,,,,,,,,,,,,,,,,,,,,,,,,,,,,,,
2-methylpentane,-174.3,-6449.9887319118,CC(C)CCC,NIST,,,,,,,,,,,,,,,,,,,,,,,,,,,,,,,,,,,,,,,,,,,,,
n-hexane,-167.1,-6449.9389561246,CCCCCC,NIST,,,,,,,,,,,,,,,,,,,,,,,,,,,,,,,,,,,,,,,,,,,,,
methylcyclopentane,-106.7,-6417.7653469452,C1CCC(C)C1,NIST,,,,,,,,,,,,,,,,,,,,,,,,,,,,,,,,,,,,,,,,,,,,,
1_1-dinitroethane,-101.77,-13307.8863929659,CC([N+](=O)[O-])[N+](=O)[O-],NIST,,,,,,,,,,,,,,,,,,,,,,,,,,,,,,,,,,,,,,,,,,,,,
catechol,-271.6,-10417.7467259970,Oc1c(O)cccc1,NIST,,,,,,,,,,,,,,,,,,,,,,,,,,,,,,,,,,,,,,,,,,,,,
hydroquinone,-277.0,-10417.6712928908,c1cc(ccc1O)O,NIST,,,,,,,,,,,,,,,,,,,,,,,,,,,,,,,,,,,,,,,,,,,,,
3-aminophenol,-89.4,-9876.5233225670,Oc1cccc(N)c1,NIST,,,,,,,,,,,,,,,,,,,,,,,,,,,,,,,,,,,,,,,,,,,,,
2-aminophenol,-87.1,-9876.4994064023,Oc1ccccc1N,NIST,,,,,,,,,,,,,,,,,,,,,,,,,,,,,,,,,,,,,,,,,,,,,
4-aminophenol,-90.5,-9876.4381564910,Oc1ccc(N)cc1,NIST,,,,,,,,,,,,,,,,,,,,,,,,,,,,,,,,,,,,,,,,,,,,,
m-cresool,-131.6,-9439.2705878764,Cc1cc(O)ccc1,NIST,,,,,,,,,,,,,,,,,,,,,,,,,,,,,,,,,,,,,,,,,,,,,
5-aminotetrazole,323.80,-8538.1357415098,c1([nH]nnn1)N,NIST,,,,,,,,,,,,,,,,,,,,,,,,,,,,,,,,,,,,,,,,,,,,,
1_2_4-triazole,192.7,-6594.9030598527,N1C=NC=N1,NIST,,,,,,,,,,,,,,,,,,,,,,,,,,,,,,,,,,,,,,,,,,,,,
1_2_3-triazole,240,-6594.1579817971,c1cnn[nH]1,NIST,,,,,,,,,,,,,,,,,,,,,,,,,,,,,,,,,,,,,,,,,,,,,
1_butanol,-274.75,-6358.5929592157,OCCCC,NIST,,,,,,,,,,,,,,,,,,,,,,,,,,,,,,,,,,,,,,,,,,,,,
acetic_acid,-412.04,-6236.2345849854,CC(O)=O,NIST,,,,,,,,,,,,,,,,,,,,,,,,,,,,,,,,,,,,,,,,,,,,,
cyclopentene,35.66,-5315.3216436759,C1CC=CC1,NIST,,,,,,,,,,,,,,,,,,,,,,,,,,,,,,,,,,,,,,,,,,,,,
cyclopentadiene,134.76,-5282.7121988336,C1C=CC=C1,NIST,,,,,,,,,,,,,,,,,,,,,,,,,,,,,,,,,,,,,,,,,,,,,
methanediol,-392.44,-5197.7477694809,OCO,NIST,,,,,,,,,,,,,,,,,,,,,,,,,,,,,,,,,,,,,,,,,,,,,
n-butane,-125.55,-4310.6035204997,CCCC,NIST,,,,,,,,,,,,,,,,,,,,,,,,,,,,,,,,,,,,,,,,,,,,,
cyclopropane,53.93,-3207.8350439572,C1CC1,NIST,,,,,,,,,,,,,,,,,,,,,,,,,,,,,,,,,,,,,,,,,,,,,
cyclopropene,283.85,-3173.9933432889,C1C=C1,NIST,,,,,,,,,,,,,,,,,,,,,,,,,,,,,,,,,,,,,,,,,,,,,
trinitrobenzene,54.8,-23026.3353878769,C1=C(C=C(C=C1[N+](=O)[O-])[N+](=O)[O-])[N+](=O)[O-],NIST,,,,,,,,,,,,,,,,,,,,,,,,,,,,,,,,,,,,,,,,,,,,,
resorcinol,-275,-10417.7659046466,c1cc(cc(c1)O)O,NIST,,,,,,,,,,,,,,,,,,,,,,,,,,,,,,,,,,,,,,,,,,,,,
o-cresol,-130.5,-9439.2756236205,Cc1ccccc1O,NIST,,,,,,,,,,,,,,,,,,,,,,,,,,,,,,,,,,,,,,,,,,,,,
p-cresol,-129.1,-9439.2485142885,Cc1ccc(O)cc1,NIST,,,,,,,,,,,,,,,,,,,,,,,,,,,,,,,,,,,,,,,,,,,,,
p-xylene,17.9,-8460.7807205934,CC1=CC=C(C)C=C1,NIST,,,,,,,,,,,,,,,,,,,,,,,,,,,,,,,,,,,,,,,,,,,,,
o-xylene,19.0,-8460.7762768058,CC1=C(C)C=CC=C1,NIST,,,,,,,,,,,,,,,,,,,,,,,,,,,,,,,,,,,,,,,,,,,,,
tetrazole,320,-7031.0204092123,[nH]1nnnc1,NIST,,,,,,,,,,,,,,,,,,,,,,,,,,,,,,,,,,,,,,,,,,,,,
pyridine,100.75,-6758.2272031748,c1ccncc1,NIST,,,,,,,,,,,,,,,,,,,,,,,,,,,,,,,,,,,,,,,,,,,,,
1-1-dimethylhydrazine,83.3,-5183.6335987079,CN(C)N,NIST,,,,,,,,,,,,,,,,,,,,,,,,,,,,,,,,,,,,,,,,,,,,,
1-Butanamine,-95.0,-5817.2908991145,CCCCN,NIST,,,,,,,,,,,,,,,,,,,,,,,,,,,,,,,,,,,,,,,,,,,,,
1-Hexanamine,-193.9,-7956.6258214767,CCCCCCN,NIST,,,,,,,,,,,,,,,,,,,,,,,,,,,,,,,,,,,,,,,,,,,,,
1-Methyl-1H-tetrazol-5-amine,302.4,-9606.4870283042,CN1NN=NC1=N,NIST,,,,,,,,,,,,,,,,,,,,,,,,,,,,,,,,,,,,,,,,,,,,,
1-Pyrroline,63.0,-5752.5638084308,C1CC=NC1,NIST,,,,,,,,,,,,,,,,,,,,,,,,,,,,,,,,,,,,,,,,,,,,,
1-butynylbenzene,248.6,-10534.0832261099,CCC#CC1=CC=CC=C1,NIST,,,,,,,,,,,,,,,,,,,,,,,,,,,,,,,,,,,,,,,,,,,,,
1-methyl-1H-Tetrazole,322.9,-8100.6253474028,CN1C=NN=N1,NIST,,,,,,,,,,,,,,,,,,,,,,,,,,,,,,,,,,,,,,,,,,,,,
1-methyl-1H-pyrrole,103.1,-6790.1298922034,Cn1cccc1,NIST,,,,,,,,,,,,,,,,,,,,,,,,,,,,,,,,,,,,,,,,,,,,,
1-nitro-piperidine,-44.0,-12423.0525431428,[O-][N+](=O)N1CCCCC1,NIST,,,,,,,,,,,,,,,,,,,,,,,,,,,,,,,,,,,,,,,,,,,,,
1H-imidazole,128.0,-6157.9953533175,N1C=CN=C1,NIST,,,,,,,,,,,,,,,,,,,,,,,,,,,,,,,,,,,,,,,,,,,,,
1H-pyrazole,181.0,-6157.4819291523,N1C=CC=N1,NIST,,,,,,,,,,,,,,,,,,,,,,,,,,,,,,,,,,,,,,,,,,,,,
1_1-Dinitroethylazide,253.0,-17762.1019330211,CC(N=[N+]=[N-])([N+]([O-])=O)[N+]([O-])=O,NIST,,,,,,,,,,,,,,,,,,,,,,,,,,,,,,,,,,,,,,,,,,,,,
1_2-butanediamine,-73.55,-7324.0719621160,CCC(N)CN,NIST,,,,,,,,,,,,,,,,,,,,,,,,,,,,,,,,,,,,,,,,,,,,,
1_2-propanediamine,-53.60,-6254.4650649056,CC(N)CN,NIST,,,,,,,,,,,,,,,,,,,,,,,,,,,,,,,,,,,,,,,,,,,,,
1_3-diazine,195.8,-7195.3301620343,c1cncnc1,NIST,,,,,,,,,,,,,,,,,,,,,,,,,,,,,,,,,,,,,,,,,,,,,
1_3-dimethyl-2-nitrobenzene,8.6,-14029.1432523974,Cc1cccc(C)c1[N+]([O-])=O,NIST,,,,,,,,,,,,,,,,,,,,,,,,,,,,,,,,,,,,,,,,,,,,,
1_3_5-triazine,225.87,-7632.5064883768,C1=NC=NC=N1,NIST,,,,,,,,,,,,,,,,,,,,,,,,,,,,,,,,,,,,,,,,,,,,,
1_4-dinitro-piperazine,58.0,-18427.9777300481,[O-][N+](=O)N1CCN(CC1)[N+]([O-])=O,NIST,,,,,,,,,,,,,,,,,,,,,,,,,,,,,,,,,,,,,,,,,,,,,
1_4-dinitroso-piperazine,194.0,-14333.6440168668,O=NN1CCN(CC1)N=O,NIST,,,,,,,,,,,,,,,,,,,,,,,,,,,,,,,,,,,,,,,,,,,,,
1_5-dimethyl-1H-tetrazole,273.2,-9170.5693609602,CN1N=NN=C1C,NIST,,,,,,,,,,,,,,,,,,,,,,,,,,,,,,,,,,,,,,,,,,,,,
1_5-dimethyl-2H-tetrazole,251.2,-9170.6790450208,CN1N=NC(C)=N1,NIST,,,,,,,,,,,,,,,,,,,,,,,,,,,,,,,,,,,,,,,,,,,,,
2-Aminobenzoic_acid,-296.2,-12963.0936896137,NC1=C(C=CC=C1)C(O)=O,NIST,,,,,,,,,,,,,,,,,,,,,,,,,,,,,,,,,,,,,,,,,,,,,
2-Aminopyridine,118.1,-8265.5358340515,NC1=CC=CC=N1,NIST,,,,,,,,,,,,,,,,,,,,,,,,,,,,,,,,,,,,,,,,,,,,,
2-Butynedinitrile,533.46,-7128.5611843795,N#CC#CC#N,NIST,,,,,,,,,,,,,,,,,,,,,,,,,,,,,,,,,,,,,,,,,,,,,
2-Methyl-1_2-propanediamine,-90.25,-7324.2660772892,CC(C)(N)CN,NIST,,,,,,,,,,,,,,,,,,,,,,,,,,,,,,,,,,,,,,,,,,,,,
2-Methyl-4-hydroxypyridine,-71.7,-9876.4338136632,CC1=NC=CC(O)=C1,NIST,,,,,,,,,,,,,,,,,,,,,,,,,,,,,,,,,,,,,,,,,,,,,
2-Methylpiperidine,-84.5,-7924.3205352170,CC1CCCCN1,NIST,,,,,,,,,,,,,,,,,,,,,,,,,,,,,,,,,,,,,,,,,,,,,
2-Nitrofuran,-29.0,-11829.7453344922,[O-][N+](=O)c1occc1,NIST,,,,,,,,,,,,,,,,,,,,,,,,,,,,,,,,,,,,,,,,,,,,,
2-Propanamine,-83.7,-4747.7734096398,CC(N)C,NIST,,,,,,,,,,,,,,,,,,,,,,,,,,,,,,,,,,,,,,,,,,,,,
2-Propenamide,-130.2,-13430.4432226590,NC(=O)C=COC(=N)C=C,NIST,,,,,,,,,,,,,,,,,,,,,,,,,,,,,,,,,,,,,,,,,,,,,
2-Propenenitrile,179.7,-4650.2869430426,C=CC#N,NIST,,,,,,,,,,,,,,,,,,,,,,,,,,,,,,,,,,,,,,,,,,,,,
2-Pyridinecarbonitrile,280.7,-9270.0932339109,N#Cc1ccccn1,NIST,,,,,,,,,,,,,,,,,,,,,,,,,,,,,,,,,,,,,,,,,,,,,
2-Pyrrolidinone,-197.4,-7801.8292135410,O=C1CCCN1,NIST,,,,,,,,,,,,,,,,,,,,,,,,,,,,,,,,,,,,,,,,,,,,,
2-aminophenol,-104.4,-9876.4966307432,NC1=C(O)C=CC=C1,NIST,,,,,,,,,,,,,,,,,,,,,,,,,,,,,,,,,,,,,,,,,,,,,
2-ethyl-1H-imidazole,68.3,-8297.53273453,CCc1[nH]ccn1,NIST,,,,,,,,,,,,,,,,,,,,,,,,,,,,,,,,,,,,,,,,,,,,,
2-methyl-1H-imidazole,89.8,-7227.8925996671,Cc1[nH]ccn1,NIST,,,,,,,,,,,,,,,,,,,,,,,,,,,,,,,,,,,,,,,,,,,,,
2-methyl-2-nitro-propane,-177.1,-9879.4082610805,CC(C)(C)[N+]([O-])=O,NIST,,,,,,,,,,,,,,,,,,,,,,,,,,,,,,,,,,,,,,,,,,,,,
2-methyl-2-propanamine,-120.9,-5817.5999392711,CC(C)(C)N,NIST,,,,,,,,,,,,,,,,,,,,,,,,,,,,,,,,,,,,,,,,,,,,,
2-methyl-3-pyridinol,-84.5,-9876.3146887567,Cc1ncccc1O,NIST,,,,,,,,,,,,,,,,,,,,,,,,,,,,,,,,,,,,,,,,,,,,,
2-methyl-propanamide,-282.6,-7834.1807359457,CC(C)C(N)=O,NIST,,,,,,,,,,,,,,,,,,,,,,,,,,,,,,,,,,,,,,,,,,,,,
2-methylpyridine,98.95,-7828.0994279054,Cc1ccccn1,NIST,,,,,,,,,,,,,,,,,,,,,,,,,,,,,,,,,,,,,,,,,,,,,
2-nitrophenol,-132.3,-13938.125898008,Oc1ccccc1[N+]([O-])=O,NIST,,,,,,,,,,,,,,,,,,,,,,,,,,,,,,,,,,,,,,,,,,,,,
2_3-dimethylpyrazine,126.0,-9334.9044500415,Cc1nccnc1C,NIST,,,,,,,,,,,,,,,,,,,,,,,,,,,,,,,,,,,,,,,,,,,,,
2_3-dimethylpyridine,68.3,-8897.8772027285,Cc1cccnc1C,NIST,,,,,,,,,,,,,,,,,,,,,,,,,,,,,,,,,,,,,,,,,,,,,
2_4_6-tnt,24.1,-24095.890544881,CC1=C(C=C(C=C1N(=O)=O)N(=O)=O)N(=O)=O,NIST,,,,,,,,,,,,,,,,,,,,,,,,,,,,,,,,,,,,,,,,,,,,,
2_5-dimethyl-1H-pyrrole,39.7,-7860.2702395001,Cc1[nH]c(C)cc1,NIST,,,,,,,,,,,,,,,,,,,,,,,,,,,,,,,,,,,,,,,,,,,,,
2_5-dimethylpyridine,66.4,-8897.8866060941,Cc1ccc(C)nc1,NIST,,,,,,,,,,,,,,,,,,,,,,,,,,,,,,,,,,,,,,,,,,,,,
2_6-Dimethylbenzonitrile,146.2,-10972.8561843984,Cc1cccc(C)c1C#N,NIST,,,,,,,,,,,,,,,,,,,,,,,,,,,,,,,,,,,,,,,,,,,,,
3-Aminobenzoic_acid,-289.3,-12962.9416033915,NC1=CC=CC(=C1)C(O)=O,NIST,,,,,,,,,,,,,,,,,,,,,,,,,,,,,,,,,,,,,,,,,,,,,
3-Aminopropionitrile,89.75,-6189.9165408439,NCCC#N,NIST,,,,,,,,,,,,,,,,,,,,,,,,,,,,,,,,,,,,,,,,,,,,,
3-Aminopyridine,144.2,-8265.240283549,Nc1cccnc1,NIST,,,,,,,,,,,,,,,,,,,,,,,,,,,,,,,,,,,,,,,,,,,,,
3-Butenenitrile,157.7,-5719.9718235734,C=CCC#N,NIST,,,,,,,,,,,,,,,,,,,,,,,,,,,,,,,,,,,,,,,,,,,,,
3-Pyridinecarbonitrile,277.9,-9270.1449474823,N#Cc1cccnc1,NIST,,,,,,,,,,,,,,,,,,,,,,,,,,,,,,,,,,,,,,,,,,,,,
3-Quinolinamine,208.4,-12447.7360381939,Nc1cnc2ccccc2c1,NIST,,,,,,,,,,,,,,,,,,,,,,,,,,,,,,,,,,,,,,,,,,,,,
3-aminophenol,-98.6,-9876.538686066,NC1=CC=CC(O)=C1,NIST,,,,,,,,,,,,,,,,,,,,,,,,,,,,,,,,,,,,,,,,,,,,,
3-methylpyridine,106.1,-7828.0198688509,Cc1cccnc1,NIST,,,,,,,,,,,,,,,,,,,,,,,,,,,,,,,,,,,,,,,,,,,,,
3-pyridinol,-43.7,-8806.4524382526,OC1=CC=CN=C1,NIST,,,,,,,,,,,,,,,,,,,,,,,,,,,,,,,,,,,,,,,,,,,,,
3_4-dimethylpyridine,70.0,-8897.8262809748,Cc1ccncc1C,NIST,,,,,,,,,,,,,,,,,,,,,,,,,,,,,,,,,,,,,,,,,,,,,
3_5-dimethylpyridine,72.8,-8897.810591394,Cc1cncc(C)c1,NIST,,,,,,,,,,,,,,,,,,,,,,,,,,,,,,,,,,,,,,,,,,,,,
4-Aminobenzoic_acid,-293.9,-12963.0184577416,NC1=CC=C(C=C1)C(O)=O,NIST,,,,,,,,,,,,,,,,,,,,,,,,,,,,,,,,,,,,,,,,,,,,,
4-Aminobutanoic_acid,-441.0,-9882.2425616859,NCCCC(O)=O,NIST,,,,,,,,,,,,,,,,,,,,,,,,,,,,,,,,,,,,,,,,,,,,,
4-Nitrocatechol,-290.0,-15986.1199898053,Oc1ccc(cc1O)[N+]([O-])=O,NIST,,,,,,,,,,,,,,,,,,,,,,,,,,,,,,,,,,,,,,,,,,,,,
4-Pyridinecarbonitrile,283.5,-9270.1286548575,N#Cc1ccncc1,NIST,,,,,,,,,,,,,,,,,,,,,,,,,,,,,,,,,,,,,,,,,,,,,
4-Quinolinol,20.8,-12989.0027755462,OC1=CC=NC2=C1C=CC=C2,NIST,,,,,,,,,,,,,,,,,,,,,,,,,,,,,,,,,,,,,,,,,,,,,
4-methylpyridine,102.2,-7828.0436284248,Cc1ccncc1,NIST,,,,,,,,,,,,,,,,,,,,,,,,,,,,,,,,,,,,,,,,,,,,,
4-nitro-morpholine,-131.0,-13400.7337774894,[O-][N+](=O)N1CCOCC1,NIST,,,,,,,,,,,,,,,,,,,,,,,,,,,,,,,,,,,,,,,,,,,,,
4-nitrotoluene,30.9,-12959.5273188443,CC1=CC=C(C=C1)[N+]([O-])=O,NIST,,,,,,,,,,,,,,,,,,,,,,,,,,,,,,,,,,,,,,,,,,,,,
4-pyridinol,-40.8,-8806.557829134,OC1=CC=NC=C1,NIST,,,,,,,,,,,,,,,,,,,,,,,,,,,,,,,,,,,,,,,,,,,,,
4_5-Dihydro-3-nitro-isoxazole,39.0,-12297.9610687371,[O-][N+](=O)C1=NOCC1,NIST,,,,,,,,,,,,,,,,,,,,,,,,,,,,,,,,,,,,,,,,,,,,,
4_5-dihydro-2-methyl-oxazole,-130.5,-7801.0145991187,CC1=NCCO1,NIST,,,,,,,,,,,,,,,,,,,,,,,,,,,,,,,,,,,,,,,,,,,,,
4_5-furazandimethanol_dinitrate,11.0,-24535.081353603,O=N(=O)OCN1ONC=C1CON(=O)=O,NIST,,,,,,,,,,,,,,,,,,,,,,,,,,,,,,,,,,,,,,,,,,,,,
5-Amino-2-methyl-2H-tetrazole,298.8,-9606.4579912963,CN1NC(=N)N=N1,NIST,,,,,,,,,,,,,,,,,,,,,,,,,,,,,,,,,,,,,,,,,,,,,
5-Quinolinamine,210.6,-12447.7163424792,Nc1cccc2ncccc12,NIST,,,,,,,,,,,,,,,,,,,,,,,,,,,,,,,,,,,,,,,,,,,,,
5-ethyl-2-methyl-pyridine,34.9,-9967.5369930139,CCc1ccc(C)nc1,NIST,,,,,,,,,,,,,,,,,,,,,,,,,,,,,,,,,,,,,,,,,,,,,
5-methyl-1H-Tetrazole,280.7,-8100.9851893299,CC1=NNN=N1,NIST,,,,,,,,,,,,,,,,,,,,,,,,,,,,,,,,,,,,,,,,,,,,,
5-methyl-2H-Tetrazole,328.4,-8100.7505393739,CN1N=CN=N1,NIST,,,,,,,,,,,,,,,,,,,,,,,,,,,,,,,,,,,,,,,,,,,,,
5-methyl-3-isoxazolamine,20.0,-9274.887218318,CC1=CC(N)=NO1,NIST,,,,,,,,,,,,,,,,,,,,,,,,,,,,,,,,,,,,,,,,,,,,,
6-Quinolinamine,206.1,-12447.7561220966,Nc1ccc2ncccc2c1,NIST,,,,,,,,,,,,,,,,,,,,,,,,,,,,,,,,,,,,,,,,,,,,,
8-Quinolinamine,187.6,-12447.8799465823,Nc1cccc2cccnc12,NIST,,,,,,,,,,,,,,,,,,,,,,,,,,,,,,,,,,,,,,,,,,,,,
Acetaldoxime,-22.55,-5692.5645571437,CC=NO,NIST,,,,,,,,,,,,,,,,,,,,,,,,,,,,,,,,,,,,,,,,,,,,,
Acetonitrile,74.04,-3613.5911994419,CC#N,NIST,,,,,,,,,,,,,,,,,,,,,,,,,,,,,,,,,,,,,,,,,,,,,
Alanine,-414.7,-8812.6125829056,CC(N)C(O)=O,NIST,,,,,,,,,,,,,,,,,,,,,,,,,,,,,,,,,,,,,,,,,,,,,
Aniline,87.03,-7828.2546371147,Nc1ccccc1,NIST,,,,,,,,,,,,,,,,,,,,,,,,,,,,,,,,,,,,,,,,,,,,,
Barbituric_acid,-509.7,-13342.1253808876,O=C1CC(=O)NC(=O)N1,NIST,,,,,,,,,,,,,,,,,,,,,,,,,,,,,,,,,,,,,,,,,,,,,
Benzonitrile,219.0,-8833.2112492885,N#Cc1ccccc1,NIST,,,,,,,,,,,,,,,,,,,,,,,,,,,,,,,,,,,,,,,,,,,,,
Benzylamine,87.8,-8897.6531517919,NCc1ccccc1,NIST,,,,,,,,,,,,,,,,,,,,,,,,,,,,,,,,,,,,,,,,,,,,,
Butanamide,-279.17,-7833.6411260421,CCCC(O)=N,NIST,,,,,,,,,,,,,,,,,,,,,,,,,,,,,,,,,,,,,,,,,,,,,
Butanedinitrile,209.7,-7194.9949284854,N#CCCC#N,NIST,,,,,,,,,,,,,,,,,,,,,,,,,,,,,,,,,,,,,,,,,,,,,
Butylmethyldiazene,78.9,-8360.3458764679,CCCC\N=N\C,NIST,,,,,,,,,,,,,,,,,,,,,,,,,,,,,,,,,,,,,,,,,,,,,
Cyclobutylamine,41.0,-5784.4222679317,NC1CCC1,NIST,,,,,,,,,,,,,,,,,,,,,,,,,,,,,,,,,,,,,,,,,,,,,
Cyclopentanamine,-54.86,-6854.783220221,NC1CCCC1,NIST,,,,,,,,,,,,,,,,,,,,,,,,,,,,,,,,,,,,,,,,,,,,,
Cyclopropanecarbonitrile,182.7,-5719.8235569289,N#CC1CC1,NIST,,,,,,,,,,,,,,,,,,,,,,,,,,,,,,,,,,,,,,,,,,,,,
Cyclopropylamine,77.07,-4714.635703154,NC1CC1,NIST,,,,,,,,,,,,,,,,,,,,,,,,,,,,,,,,,,,,,,,,,,,,,
Diethanolamine,-397.1,-9913.1683626152,OCCNCCO,NIST,,,,,,,,,,,,,,,,,,,,,,,,,,,,,,,,,,,,,,,,,,,,,
Diethylcyanamide,63.5,-8328.8377481699,CCN(CC)C#N,NIST,,,,,,,,,,,,,,,,,,,,,,,,,,,,,,,,,,,,,,,,,,,,,
Diethylhydroxylamine,-121.77,-7863.8398490405,CCN(O)CC,NIST,,,,,,,,,,,,,,,,,,,,,,,,,,,,,,,,,,,,,,,,,,,,,
Diisopropylamine,-136.3,-7956.6342562676,CC(C)NC(C)C,NIST,,,,,,,,,,,,,,,,,,,,,,,,,,,,,,,,,,,,,,,,,,,,,
Dinitromethane,-58.9,-12237.947007342,[O-][N+](=O)C[N+]([O-])=O,NIST,,,,,,,,,,,,,,,,,,,,,,,,,,,,,,,,,,,,,,,,,,,,,
Ethanediamide,-387.1,-9216.8861714277,OC(=N)C(O)=N,NIST,,,,,,,,,,,,,,,,,,,,,,,,,,,,,,,,,,,,,,,,,,,,,
Ethyl-nitrite,-108,-7739.6195284586,CCON=O,NIST,,,,,,,,,,,,,,,,,,,,,,,,,,,,,,,,,,,,,,,,,,,,,
Ethyl_isocyanide,132.6,-4682.3203919527,CC[N+]#[C-],NIST,,,,,,,,,,,,,,,,,,,,,,,,,,,,,,,,,,,,,,,,,,,,,
Fumaronitrile,340.0,-7162.126701962,N#C\C=C\C#N,NIST,,,,,,,,,,,,,,,,,,,,,,,,,,,,,,,,,,,,,,,,,,,,,
Glycine,-390.5,-7725.2529997902,NCC([O-])=O,NIST,,,,,,,,,,,,,,,,,,,,,,,,,,,,,,,,,,,,,,,,,,,,,
Hexahydro-1-3-5-trinitroso-1-3-5-triazine,395.0,-18291.2962931151,O=NN1CN(CN(C1)N=O)N=O,NIST,,,,,,,,,,,,,,,,,,,,,,,,,,,,,,,,,,,,,,,,,,,,,
Imidodicarbonic_diamide,-437.0,-10725.4540223255,NC(=O)NC(N)=O,NIST,,,,,,,,,,,,,,,,,,,,,,,,,,,,,,,,,,,,,,,,,,,,,
Isobutyl_nitrite,-151.0,-9879.0691039327,CC(C)CON=O,NIST,,,,,,,,,,,,,,,,,,,,,,,,,,,,,,,,,,,,,,,,,,,,,
Isoquinoline,204.61,-10940.6676948678,c1ccc2cnccc2c1,NIST,,,,,,,,,,,,,,,,,,,,,,,,,,,,,,,,,,,,,,,,,,,,,
Isoxazole,78.58,-6697.8288904619,o1cccn1,NIST,,,,,,,,,,,,,,,,,,,,,,,,,,,,,,,,,,,,,,,,,,,,,
Methacrylamide,-157.7,-7801.3983342962,CC(=C)C(N)=O,NIST,,,,,,,,,,,,,,,,,,,,,,,,,,,,,,,,,,,,,,,,,,,,,
Methoxyacetonitrile,-35.65,-6730.5334084166,COCC#N,NIST,,,,,,,,,,,,,,,,,,,,,,,,,,,,,,,,,,,,,,,,,,,,,
N-Nitrobis-(2_2_2-trinitroethyl)amine,89.6,-44793.2967986404,O=N(=O)N(CC(N(=O)=O)(N(=O)=O)N(=O)=O)CC(N(=O)=O)(N(=O)=O)N(=O)=O,NIST,,,,,,,,,,,,,,,,,,,,,,,,,,,,,,,,,,,,,,,,,,,,,
N-Nitrosobis-(2_2_2-trinitroethyl)amine,147.0,-42745.9975638847,O=NN(CC(N(=O)=O)(N(=O)=O)N(=O)=O)CC(N(=O)=O)(N(=O)=O)N(=O)=O,NIST,,,,,,,,,,,,,,,,,,,,,,,,,,,,,,,,,,,,,,,,,,,,,
Nitroglycerin,-279.1,-26087.0955787738,[O-][N+](=O)OCC(CO[N+]([O-])=O)O[N+]([O-])=O,NIST,,,,,,,,,,,,,,,,,,,,,,,,,,,,,,,,,,,,,,,,,,,,,
Oxazole,-15.5,-6698.8619877928,o1ccnc1,NIST,,,,,,,,,,,,,,,,,,,,,,,,,,,,,,,,,,,,,,,,,,,,,
Phthalazine,329.9,-11376.8702811619,c1ccc2cnncc2c1,NIST,,,,,,,,,,,,,,,,,,,,,,,,,,,,,,,,,,,,,,,,,,,,,
Piperidine,-47.15,-6854.7462292262,C1CCNCC1,NIST,,,,,,,,,,,,,,,,,,,,,,,,,,,,,,,,,,,,,,,,,,,,,
Propanamide,-258.94,-6764.5128068838,CCC(N)=O,NIST,,,,,,,,,,,,,,,,,,,,,,,,,,,,,,,,,,,,,,,,,,,,,
Propanediamide,-416.4,-10288.0937915481,NC(=O)CC(N)=O,NIST,,,,,,,,,,,,,,,,,,,,,,,,,,,,,,,,,,,,,,,,,,,,,
Propanedinitrile,266.3,-6125.0803484401,N#CCC#N,NIST,,,,,,,,,,,,,,,,,,,,,,,,,,,,,,,,,,,,,,,,,,,,,
Propanenitrile,51.46,-4683.2329445175,CCC#N,NIST,,,,,,,,,,,,,,,,,,,,,,,,,,,,,,,,,,,,,,,,,,,,,
Propiolonitrile,354,-4616.7871948266,C#CC#N,NIST,,,,,,,,,,,,,,,,,,,,,,,,,,,,,,,,,,,,,,,,,,,,,
Propyl_nitrite,-119.0,-8809.2934610909,CCCON=O,NIST,,,,,,,,,,,,,,,,,,,,,,,,,,,,,,,,,,,,,,,,,,,,,
Propylamine,-69.9,-4747.6519525967,CCCN,NIST,,,,,,,,,,,,,,,,,,,,,,,,,,,,,,,,,,,,,,,,,,,,,
Pyrazine,196.1,-7195.1349532155,c1cnccn1,NIST,,,,,,,,,,,,,,,,,,,,,,,,,,,,,,,,,,,,,,,,,,,,,
Pyridazine,278.4,-7194.3353193677,c1ccnnc1,NIST,,,,,,,,,,,,,,,,,,,,,,,,,,,,,,,,,,,,,,,,,,,,,
Pyrrole,108.3,-5720.6563862663,[nH]1cccc1,NIST,,,,,,,,,,,,,,,,,,,,,,,,,,,,,,,,,,,,,,,,,,,,,
Pyrrolidine,-3.6,-5784.8046881423,C1CCNC1,NIST,,,,,,,,,,,,,,,,,,,,,,,,,,,,,,,,,,,,,,,,,,,,,
Quinazoline,243.1,-11377.8187924072,c1ccc2ncncc2c1,NIST,,,,,,,,,,,,,,,,,,,,,,,,,,,,,,,,,,,,,,,,,,,,,
Quinoline,200.52,-10940.713121295,c1ccc2ncccc2c1,NIST,,,,,,,,,,,,,,,,,,,,,,,,,,,,,,,,,,,,,,,,,,,,,
Quinoxaline,240.3,-11377.6720560213,c1ccc2nccnc2c1,NIST,,,,,,,,,,,,,,,,,,,,,,,,,,,,,,,,,,,,,,,,,,,,,
RDX,192.0,-24432.6189877933,[O-][N+](=O)N1CN(CN(C1)[N+]([O-])=O)[N+]([O-])=O,NIST,,,,,,,,,,,,,,,,,,,,,,,,,,,,,,,,,,,,,,,,,,,,,
Succinimide,-375.5,-9818.500804425,O=C1CCC(=O)N1,NIST,,,,,,,,,,,,,,,,,,,,,,,,,,,,,,,,,,,,,,,,,,,,,
Tetracyanoethylene,705.0,-12185.1397088485,N#CC(C#N)=C(C#N)C#N,NIST,,,,,,,,,,,,,,,,,,,,,,,,,,,,,,,,,,,,,,,,,,,,,
acetamide,-238.33,-8812.6484424321,CC(N)C(O)=O,NIST,,,,,,,,,,,,,,,,,,,,,,,,,,,,,,,,,,,,,,,,,,,,,
acetonitrile,114.39,-7258.9761287876,CN(C)CC#N,NIST,,,,,,,,,,,,,,,,,,,,,,,,,,,,,,,,,,,,,,,,,,,,,
azidocyclohexane,154.4,-10872.3997168559,[N-]=[N+]=NC1CCCCC1,NIST,,,,,,,,,,,,,,,,,,,,,,,,,,,,,,,,,,,,,,,,,,,,,
benzamide,-100.9,-10914.5121420673,NC(=O)C1=CC=CC=C1,NIST,,,,,,,,,,,,,,,,,,,,,,,,,,,,,,,,,,,,,,,,,,,,,
carbamic_acid,-425.3,-7743.0662940325,COC(N)=O,NIST,,,,,,,,,,,,,,,,,,,,,,,,,,,,,,,,,,,,,,,,,,,,,
cyanoketene,100.0,-6666.0636367677,O=C=CC#N,NIST,,,,,,,,,,,,,,,,,,,,,,,,,,,,,,,,,,,,,,,,,,,,,
cyclohexamine,-104.9,-7924.7578857874,NC1CCCCC1,NIST,,,,,,,,,,,,,,,,,,,,,,,,,,,,,,,,,,,,,,,,,,,,,
dimethyl-furazan,107.0,-9274.0077970016,Cc1nonc1C,NIST,,,,,,,,,,,,,,,,,,,,,,,,,,,,,,,,,,,,,,,,,,,,,
dimethylamine,-19.0,-3677.6371162327,CNC,NIST,,,,,,,,,,,,,,,,,,,,,,,,,,,,,,,,,,,,,,,,,,,,,
dimethylamino_methanol,-203.3,-6795.3294150093,CN(C)CO,NIST,,,,,,,,,,,,,,,,,,,,,,,,,,,,,,,,,,,,,,,,,,,,,
ethanedinitrile,305.0,-5055.1472927484,N#CC#N,NIST,,,,,,,,,,,,,,,,,,,,,,,,,,,,,,,,,,,,,,,,,,,,,
ethanimine,24.0,-3645.4970765164,N=CC,NIST,,,,,,,,,,,,,,,,,,,,,,,,,,,,,,,,,,,,,,,,,,,,,
ethyl_nitrate,-155.0,-9786.7720794733,CCO[N+]([O-])=O,NIST,,,,,,,,,,,,,,,,,,,,,,,,,,,,,,,,,,,,,,,,,,,,,
ethyl_urea,-257.5,-8271.5617273184,CCNC(N)=O,NIST,,,,,,,,,,,,,,,,,,,,,,,,,,,,,,,,,,,,,,,,,,,,,
ethylamine,-57.7,-3677.9876193469,CCN,NIST,,,,,,,,,,,,,,,,,,,,,,,,,,,,,,,,,,,,,,,,,,,,,
ethylenediamine,-17.0,-5184.66713702,NCCN,NIST,,,,,,,,,,,,,,,,,,,,,,,,,,,,,,,,,,,,,,,,,,,,,
hexanitroethane,179.0,-35578.4052607097,[O-][N+](=O)C([N+]([O-])=O)([N+]([O-])=O)C([N+]([O-])=O)([N+]([O-])=O)[N+]([O-])=O,NIST,,,,,,,,,,,,,,,,,,,,,,,,,,,,,,,,,,,,,,,,,,,,,
iso-Propyl_nitrite,-133.0,-8809.4099820184,CC(C)ON=O,NIST,,,,,,,,,,,,,,,,,,,,,,,,,,,,,,,,,,,,,,,,,,,,,
isobutylamine,-98.62,-5817.3832381521,CC(C)CN,NIST,,,,,,,,,,,,,,,,,,,,,,,,,,,,,,,,,,,,,,,,,,,,,
m-Aminotoluene,61.1,-8898.03417952,Cc1cccc(N)c1,NIST,,,,,,,,,,,,,,,,,,,,,,,,,,,,,,,,,,,,,,,,,,,,,
m-Nitroaniline,62.5,-13396.7734849949,Nc1cccc(c1)[N+]([O-])=O,NIST,,,,,,,,,,,,,,,,,,,,,,,,,,,,,,,,,,,,,,,,,,,,,
methyl-urea,-235.68,-7201.8281596679,CNC(N)=O,NIST,,,,,,,,,,,,,,,,,,,,,,,,,,,,,,,,,,,,,,,,,,,,,
methyl_isocyanide,163.5,-3612.5635775065,C[N+]#[C-],NIST,,,,,,,,,,,,,,,,,,,,,,,,,,,,,,,,,,,,,,,,,,,,,
n-Butyl_nitrite,-146.0,-9879.0119632395,CCCCON=O,NIST,,,,,,,,,,,,,,,,,,,,,,,,,,,,,,,,,,,,,,,,,,,,,
n-aminocarbonyl-acetamide,-441.7,-10287.8848336034,CC(=O)NC(N)=O,NIST,,,,,,,,,,,,,,,,,,,,,,,,,,,,,,,,,,,,,,,,,,,,,
n-ethyl-benzenamine,56.1,-9967.3300917932,CCNc1ccccc1,NIST,,,,,,,,,,,,,,,,,,,,,,,,,,,,,,,,,,,,,,,,,,,,,
n-ethyl-ethanamine,-99.8,-5817.1227051911,CCNCC,NIST,,,,,,,,,,,,,,,,,,,,,,,,,,,,,,,,,,,,,,,,,,,,,
n-methy-1-butanamine,-108.3,-6886.6645240778,CCCCNC,NIST,,,,,,,,,,,,,,,,,,,,,,,,,,,,,,,,,,,,,,,,,,,,,
n-methylacetamide,-248.0,-6764.2773257714,CNC(C)=O,NIST,,,,,,,,,,,,,,,,,,,,,,,,,,,,,,,,,,,,,,,,,,,,,
n-methylaniline,83.9,-8897.6048182883,CNc1ccccc1,NIST,,,,,,,,,,,,,,,,,,,,,,,,,,,,,,,,,,,,,,,,,,,,,
n-methylglycine,-367.2,-8812.278601786,CNCC(O)=O,NIST,,,,,,,,,,,,,,,,,,,,,,,,,,,,,,,,,,,,,,,,,,,,,
n-methylmethanimine,44.0,-3645.1023785251,CN=C,NIST,,,,,,,,,,,,,,,,,,,,,,,,,,,,,,,,,,,,,,,,,,,,,
n_n-dimethyl-4-benzamine,67.3,-15535.5658996221,CN(C)c1ccc(cc1)[N+]([O-])=O,NIST,,,,,,,,,,,,,,,,,,,,,,,,,,,,,,,,,,,,,,,,,,,,,
n_n-dimethyl-urea,-221.6,-8271.2242192702,CNC(=O)NC,NIST,,,,,,,,,,,,,,,,,,,,,,,,,,,,,,,,,,,,,,,,,,,,,
n_n-dimethylbenzeneamine,100.5,-9966.9544714073,CN(C)c1ccccc1,NIST,,,,,,,,,,,,,,,,,,,,,,,,,,,,,,,,,,,,,,,,,,,,,
nitromethane,-81.1,-6669.9948635305,C[N+]([O-])=O,NIST,,,,,,,,,,,,,,,,,,,,,,,,,,,,,,,,,,,,,,,,,,,,,
nitromethylbenzene,30.7,-12959.3775668611,[O-][N+](=O)Cc1ccccc1,NIST,,,,,,,,,,,,,,,,,,,,,,,,,,,,,,,,,,,,,,,,,,,,,
o-Aminotoluene,53.2,-8898.034586356,Cc1ccccc1N,NIST,,,,,,,,,,,,,,,,,,,,,,,,,,,,,,,,,,,,,,,,,,,,,
oxamic_acid,-552.3,-9759.4496193589,NC(=O)C(O)=O,NIST,,,,,,,,,,,,,,,,,,,,,,,,,,,,,,,,,,,,,,,,,,,,,
p-Aminotoluene,41.8,-8898.01122642,Cc1ccc(N)cc1,NIST,,,,,,,,,,,,,,,,,,,,,,,,,,,,,,,,,,,,,,,,,,,,,
p-Nitroaniline,55.2,-13396.8312955778,Nc1ccc(cc1)[N+]([O-])=O,NIST,,,,,,,,,,,,,,,,,,,,,,,,,,,,,,,,,,,,,,,,,,,,,
phenyl_hydrazine,202.9,-9333.9932406443,NNc1ccccc1,NIST,,,,,,,,,,,,,,,,,,,,,,,,,,,,,,,,,,,,,,,,,,,,,
pyrazine_1_4_dioxide,186.5,-11288.0435902043,[O-][n+]1cc[n+]([O-])cc1,NIST,,,,,,,,,,,,,,,,,,,,,,,,,,,,,,,,,,,,,,,,,,,,,
sec-Butylamine,-106.2,-5817.4100890495,CCC(C)N,NIST,,,,,,,,,,,,,,,,,,,,,,,,,,,,,,,,,,,,,,,,,,,,,
t-Butyl_nitrite,-172.0,-9879.2716947677,CC(C)(C)ON=O,NIST,,,,,,,,,,,,,,,,,,,,,,,,,,,,,,,,,,,,,,,,,,,,,
trimethylpyrazine,74.3,-10404.7849201227,Cc1cnc(C)c(C)n1,NIST,,,,,,,,,,,,,,,,,,,,,,,,,,,,,,,,,,,,,,,,,,,,,
uracil,-303.1,-11293.2761023878,O=C1NC=CC(=O)N1,NIST,,,,,,,,,,,,,,,,,,,,,,,,,,,,,,,,,,,,,,,,,,,,,
urethane,-446.3,-8812.8520893188,CCOC(N)=O,NIST,,,,,,,,,,,,,,,,,,,,,,,,,,,,,,,,,,,,,,,,,,,,,
imidazole,131.5,-6157.9954085108,c1cnc[nH]1,https://doi.org/10.1016/j.tca.2020.178756,,,,,,,,,,,,,,,,,,,,,,,,,,,,,,,,,,,,,,,,,,,,,
nitrosyl_hydride,106.99,-3552.3405951813,N=O,https://doi.org/10.1021/ja00004a014,,,,,,,,,,,,,,,,,,,,,,,,,,,,,,,,,,,,,,,,,,,,,
nbutylnitrite,-177.0667,-9878.8898522609,CCCCON=O,https://doi.org/10.1021/jp0536192,,,,,,,,,,,,,,,,,,,,,,,,,,,,,,,,,,,,,,,,,,,,,
